folderDirectory,filename,end_slice,start_slice,protocolName,systemModel,systemFieldStrength_T,receiverChannels,institutionName,sequence_type,encodeX,encodeY,reconX,reconY,numSlices,datasetName,systemVendor
,file_brain_AXT2_202_2020178.h5,14,0,AXT2,Aera,1.494,20,TH,TurboSpinEcho,640,320,320,320,14,fastmri_brain,
,file_brain_AXT2_206_2060071.h5,16,0,AXT2,Aera,1.494,20,NYU,TurboSpinEcho,640,320,320,320,16,fastmri_brain,
,file_brain_AXT2_202_2020297.h5,14,0,AXT2,Aera,1.494,20,TH,TurboSpinEcho,640,320,320,320,14,fastmri_brain,
,file_brain_AXT2_205_2050035.h5,16,0,AXT2,Aera,1.494,16,NYU,TurboSpinEcho,640,320,320,320,16,fastmri_brain,
,file_brain_AXT2_205_6000131.h5,16,0,AXT2,Aera,1.494,20,NYU LANGONE 32ND ST,TurboSpinEcho,640,320,320,320,16,fastmri_brain,
,file_brain_AXT2_202_2020407.h5,16,0,AXT2,Aera,1.494,16,TH,TurboSpinEcho,640,320,320,320,16,fastmri_brain,
,file_brain_AXT2_202_2020216.h5,16,0,AXT2,Aera,1.494,12,TH,TurboSpinEcho,640,320,320,320,16,fastmri_brain,
,file_brain_AXT2_205_6000122.h5,14,0,AXT2,Aera,1.494,16,NYU LANGONE 32ND ST,TurboSpinEcho,640,320,320,320,14,fastmri_brain,
,file_brain_AXT2_206_6000195.h5,16,0,AXT2,Aera,1.494,20,NYU LANGONE LOC,TurboSpinEcho,640,320,320,320,16,fastmri_brain,
,file_brain_AXT2_202_2020415.h5,16,0,AXT2,Aera,1.494,20,TH,TurboSpinEcho,640,320,320,320,16,fastmri_brain,
,file_brain_AXT2_202_2020164.h5,16,0,AXT2,Aera,1.494,20,TH,TurboSpinEcho,640,320,320,320,16,fastmri_brain,
,file_brain_AXT2_206_6000253.h5,16,0,AXT2,Aera,1.494,20,NYU LANGONE LOC,TurboSpinEcho,640,320,320,320,16,fastmri_brain,
,file_brain_AXT2_206_2060074.h5,16,0,AXT2,Aera,1.494,16,NYU,TurboSpinEcho,640,320,320,320,16,fastmri_brain,
,file_brain_AXT2_205_6000119.h5,16,0,AXT2,Aera,1.494,16,NYU LANGONE 32ND ST,TurboSpinEcho,640,320,320,320,16,fastmri_brain,
,file_brain_AXT2_202_2020121.h5,16,0,AXT2,Aera,1.494,20,TH,TurboSpinEcho,640,320,320,320,16,fastmri_brain,
,file_brain_AXT2_202_2020427.h5,16,0,AXT2,Aera,1.494,10,TH,TurboSpinEcho,640,320,320,320,16,fastmri_brain,
,file_brain_AXT2_202_2020578.h5,16,0,AXT2,Aera,1.494,16,TH,TurboSpinEcho,640,320,320,320,16,fastmri_brain,
,file_brain_AXT2_202_2020300.h5,16,0,AXT2,Aera,1.494,16,TH,TurboSpinEcho,640,320,320,320,16,fastmri_brain,
,file_brain_AXT2_205_2050086.h5,16,0,AXT2,Aera,1.494,16,NYU,TurboSpinEcho,640,320,320,320,16,fastmri_brain,
,file_brain_AXT2_202_2020022.h5,16,0,AXT2,Aera,1.494,16,TH,TurboSpinEcho,640,320,320,320,16,fastmri_brain,
,file_brain_AXT2_202_2020481.h5,16,0,AXT2,Aera,1.494,18,TH,TurboSpinEcho,640,320,320,320,16,fastmri_brain,
,file_brain_AXT2_202_6000338.h5,16,0,AXT2,Aera,1.494,20,TH RADIOLOGY,TurboSpinEcho,640,320,320,320,16,fastmri_brain,
,file_brain_AXT2_202_2020183.h5,16,0,AXT2,Aera,1.494,16,TH,TurboSpinEcho,640,320,320,320,16,fastmri_brain,
,file_brain_AXT2_206_2060003.h5,16,0,AXT2,Aera,1.494,20,HJD,TurboSpinEcho,640,320,320,320,16,fastmri_brain,
,file_brain_AXT2_206_2060064.h5,16,0,AXT2,Aera,1.494,16,NYU,TurboSpinEcho,640,320,320,320,16,fastmri_brain,
,file_brain_AXT2_205_2050049.h5,16,0,AXT2,Aera,1.494,16,NYU,TurboSpinEcho,640,320,320,320,16,fastmri_brain,
,file_brain_AXT2_202_2020362.h5,16,0,AXT2,Aera,1.494,16,TH,TurboSpinEcho,640,320,320,320,16,fastmri_brain,
,file_brain_AXT2_202_2020327.h5,16,0,AXT2,Aera,1.494,16,TH,TurboSpinEcho,640,320,320,320,16,fastmri_brain,
,file_brain_AXT2_202_2020577.h5,16,0,AXT2,Aera,1.494,16,TH,TurboSpinEcho,640,320,320,320,16,fastmri_brain,
,file_brain_AXT2_202_2020376.h5,16,0,AXT2,Aera,1.494,16,TH,TurboSpinEcho,640,320,320,320,16,fastmri_brain,
,file_brain_AXT2_205_2050261.h5,16,0,AXT2,Aera,1.494,16,NYU,TurboSpinEcho,640,320,320,320,16,fastmri_brain,
,file_brain_AXT2_202_2020004.h5,16,0,AXT2,Aera,1.494,20,TH,TurboSpinEcho,640,320,320,320,16,fastmri_brain,
,file_brain_AXT2_202_2020237.h5,16,0,AXT2,Aera,1.494,20,TH,TurboSpinEcho,640,320,320,320,16,fastmri_brain,
,file_brain_AXT2_205_2050212.h5,16,0,AXT2,Aera,1.494,16,NYU,TurboSpinEcho,640,320,320,320,16,fastmri_brain,
,file_brain_AXT2_205_6000019.h5,16,0,AXT2,Aera,1.494,16,NYU LANGONE 32ND ST,TurboSpinEcho,640,320,320,320,16,fastmri_brain,
,file_brain_AXT2_202_2020554.h5,14,0,AXT2,Aera,1.494,12,TH,TurboSpinEcho,640,320,320,320,14,fastmri_brain,
,file_brain_AXT2_202_2020258.h5,16,0,AXT2,Aera,1.494,16,TH,TurboSpinEcho,640,320,320,320,16,fastmri_brain,
,file_brain_AXT2_205_6000084.h5,16,0,AXT2,Aera,1.494,16,NYU LANGONE 32ND ST,TurboSpinEcho,640,320,320,320,16,fastmri_brain,
,file_brain_AXT2_202_2020269.h5,12,0,AXT2,Aera,1.494,16,TH,TurboSpinEcho,640,320,320,320,12,fastmri_brain,
,file_brain_AXT2_202_2020364.h5,16,0,AXT2,Aera,1.494,16,TH,TurboSpinEcho,640,320,320,320,16,fastmri_brain,
,file_brain_AXT2_205_6000157.h5,16,0,AXT2,Aera,1.494,16,NYU LANGONE 32ND ST,TurboSpinEcho,640,320,320,320,16,fastmri_brain,
,file_brain_AXT2_206_2060037.h5,16,0,AXT2,Aera,1.494,20,NYU,TurboSpinEcho,640,320,320,320,16,fastmri_brain,
,file_brain_AXT2_206_2060029.h5,16,0,AXT2,Aera,1.494,20,NYU,TurboSpinEcho,640,320,320,320,16,fastmri_brain,
,file_brain_AXT2_205_6000111.h5,16,0,AXT2,Aera,1.494,20,NYU LANGONE 32ND ST,TurboSpinEcho,640,320,320,320,16,fastmri_brain,
,file_brain_AXT2_202_2020330.h5,16,0,AXT2,Aera,1.494,20,TH,TurboSpinEcho,640,320,320,320,16,fastmri_brain,
,file_brain_AXT2_202_2020299.h5,16,0,AXT2,Aera,1.494,20,TH,TurboSpinEcho,640,320,320,320,16,fastmri_brain,
,file_brain_AXT2_202_2020399.h5,14,0,AXT2,Aera,1.494,20,TH,TurboSpinEcho,640,320,320,320,14,fastmri_brain,
,file_brain_AXT2_202_2020333.h5,16,0,AXT2,Aera,1.494,20,TH,TurboSpinEcho,640,320,320,320,16,fastmri_brain,
,file_brain_AXT2_202_2020367.h5,16,0,AXT2,Aera,1.494,12,TH,TurboSpinEcho,640,320,320,320,16,fastmri_brain,
,file_brain_AXT2_202_2020031.h5,16,0,AXT2,Aera,1.494,20,TH,TurboSpinEcho,640,320,320,320,16,fastmri_brain,
,file_brain_AXT2_202_2020499.h5,14,0,AXT2,Aera,1.494,16,TH,TurboSpinEcho,640,320,320,320,14,fastmri_brain,
,file_brain_AXT2_202_2020542.h5,16,0,AXT2,Aera,1.494,20,TH,TurboSpinEcho,640,320,320,320,16,fastmri_brain,
,file_brain_AXT2_202_2020335.h5,16,0,AXT2,Aera,1.494,16,TH,TurboSpinEcho,640,320,320,320,16,fastmri_brain,
,file_brain_AXT2_202_2020072.h5,16,0,AXT2,Aera,1.494,16,TH,TurboSpinEcho,640,320,320,320,16,fastmri_brain,
,file_brain_AXT2_206_6000188.h5,14,0,AXT2,Aera,1.494,20,NYU LANGONE LOC,TurboSpinEcho,640,320,320,320,14,fastmri_brain,
,file_brain_AXT2_205_2050213.h5,16,0,AXT2,Aera,1.494,16,NYU,TurboSpinEcho,640,320,320,320,16,fastmri_brain,
,file_brain_AXT2_205_6000141.h5,16,0,AXT2,Aera,1.494,20,NYU LANGONE 32ND ST,TurboSpinEcho,640,320,320,320,16,fastmri_brain,
,file_brain_AXT2_206_2060005.h5,16,0,AXT2,Aera,1.494,16,HJD,TurboSpinEcho,640,320,320,320,16,fastmri_brain,
,file_brain_AXT2_202_2020280.h5,14,0,AXT2,Aera,1.494,16,TH,TurboSpinEcho,640,320,320,320,14,fastmri_brain,
,file_brain_AXT2_205_2050081.h5,16,0,AXT2,Aera,1.494,16,NYU,TurboSpinEcho,640,320,320,320,16,fastmri_brain,
,file_brain_AXT2_205_6000017.h5,16,0,AXT2,Aera,1.494,16,NYU LANGONE 32ND ST,TurboSpinEcho,640,320,320,320,16,fastmri_brain,
,file_brain_AXT2_205_2050077.h5,16,0,AXT2,Aera,1.494,16,NYU,TurboSpinEcho,640,320,320,320,16,fastmri_brain,
,file_brain_AXT2_202_2020316.h5,16,0,AXT2,Aera,1.494,16,TH,TurboSpinEcho,640,320,320,320,16,fastmri_brain,
,file_brain_AXT2_206_6000211.h5,14,0,AXT2,Aera,1.494,16,NYU LANGONE LOC,TurboSpinEcho,640,320,320,320,14,fastmri_brain,
,file_brain_AXT2_202_2020168.h5,16,0,AXT2,Aera,1.494,16,TH,TurboSpinEcho,640,320,320,320,16,fastmri_brain,
,file_brain_AXT2_205_6000032.h5,16,0,AXT2,Aera,1.494,20,NYU LANGONE 32ND ST,TurboSpinEcho,640,320,320,320,16,fastmri_brain,
,file_brain_AXT2_202_2020261.h5,16,0,AXT2,Aera,1.494,16,TH,TurboSpinEcho,640,320,320,320,16,fastmri_brain,
,file_brain_AXT2_205_2050115.h5,16,0,AXT2,Aera,1.494,20,NYU,TurboSpinEcho,640,320,320,320,16,fastmri_brain,
,file_brain_AXT2_202_2020380.h5,16,0,AXT2,Aera,1.494,20,TH,TurboSpinEcho,640,320,320,320,16,fastmri_brain,
,file_brain_AXT2_202_2020016.h5,16,0,AXT2,Aera,1.494,16,TH,TurboSpinEcho,640,320,320,320,16,fastmri_brain,
,file_brain_AXT2_202_2020500.h5,16,0,AXT2,Aera,1.494,20,TH,TurboSpinEcho,640,320,320,320,16,fastmri_brain,
,file_brain_AXT2_202_2020365.h5,16,0,AXT2,Aera,1.494,20,TH,TurboSpinEcho,640,320,320,320,16,fastmri_brain,
,file_brain_AXT2_205_6000025.h5,14,0,AXT2,Aera,1.494,16,NYU LANGONE 32ND ST,TurboSpinEcho,640,320,320,320,14,fastmri_brain,
,file_brain_AXT2_202_2020476.h5,16,0,AXT2,Aera,1.494,16,TH,TurboSpinEcho,640,320,320,320,16,fastmri_brain,
,file_brain_AXT2_205_2050058.h5,16,0,AXT2,Aera,1.494,20,NYU,TurboSpinEcho,640,320,320,320,16,fastmri_brain,
,file_brain_AXT2_205_2050236.h5,16,0,AXT2,Aera,1.494,16,NYU,TurboSpinEcho,640,320,320,320,16,fastmri_brain,
,file_brain_AXT2_205_2050130.h5,16,0,AXT2,Aera,1.494,16,NYU,TurboSpinEcho,640,320,320,320,16,fastmri_brain,
,file_brain_AXT2_202_2120020.h5,16,0,AXT2,Aera,1.494,20,TH,TurboSpinEcho,640,320,320,320,16,fastmri_brain,
,file_brain_AXT2_205_2050182.h5,16,0,AXT2,Aera,1.494,20,NYU,TurboSpinEcho,640,320,320,320,16,fastmri_brain,
,file_brain_AXT2_202_6000311.h5,16,0,AXT2,Aera,1.494,16,TH RADIOLOGY,TurboSpinEcho,640,320,320,320,16,fastmri_brain,
,file_brain_AXT2_205_2050121.h5,16,0,AXT2,Aera,1.494,20,NYU,TurboSpinEcho,640,320,320,320,16,fastmri_brain,
,file_brain_AXT2_202_2020487.h5,16,0,AXT2,Aera,1.494,16,TH,TurboSpinEcho,640,320,320,320,16,fastmri_brain,
,file_brain_AXT2_202_2020028.h5,16,0,AXT2,Aera,1.494,20,TH,TurboSpinEcho,640,320,320,320,16,fastmri_brain,
,file_brain_AXT2_205_2050262.h5,16,0,AXT2,Aera,1.494,16,NYU,TurboSpinEcho,640,320,320,320,16,fastmri_brain,
,file_brain_AXT2_206_2060050.h5,16,0,AXT2,Aera,1.494,20,NYU,TurboSpinEcho,640,320,320,320,16,fastmri_brain,
,file_brain_AXT2_202_2020192.h5,16,0,AXT2,Aera,1.494,20,TH,TurboSpinEcho,640,320,320,320,16,fastmri_brain,
,file_brain_AXT2_205_2050109.h5,16,0,AXT2,Aera,1.494,16,NYU,TurboSpinEcho,640,320,320,320,16,fastmri_brain,
,file_brain_AXT2_202_2020268.h5,16,0,AXT2,Aera,1.494,16,TH,TurboSpinEcho,640,320,320,320,16,fastmri_brain,
,file_brain_AXT2_205_2050143.h5,16,0,AXT2,Aera,1.494,20,NYU,TurboSpinEcho,640,320,320,320,16,fastmri_brain,
,file_brain_AXT2_202_2020541.h5,16,0,AXT2,Aera,1.494,10,TH,TurboSpinEcho,640,320,320,320,16,fastmri_brain,
,file_brain_AXT2_205_6000167.h5,16,0,AXT2,Aera,1.494,16,NYU LANGONE 32ND ST,TurboSpinEcho,640,320,320,320,16,fastmri_brain,
,file_brain_AXT2_202_2020045.h5,16,0,AXT2,Aera,1.494,20,TH,TurboSpinEcho,640,320,320,320,16,fastmri_brain,
,file_brain_AXT2_205_2050216.h5,16,0,AXT2,Aera,1.494,20,NYU,TurboSpinEcho,640,320,320,320,16,fastmri_brain,
,file_brain_AXT2_202_2020155.h5,16,0,AXT2,Aera,1.494,20,TH,TurboSpinEcho,640,320,320,320,16,fastmri_brain,
,file_brain_AXT2_206_2060013.h5,16,0,AXT2,Aera,1.494,20,NYU,TurboSpinEcho,640,320,320,320,16,fastmri_brain,
,file_brain_AXT2_206_2060070.h5,16,0,AXT2,Aera,1.494,20,NYU,TurboSpinEcho,640,320,320,320,16,fastmri_brain,
,file_brain_AXT2_202_2020262.h5,16,0,AXT2,Aera,1.494,20,TH,TurboSpinEcho,640,320,320,320,16,fastmri_brain,
,file_brain_AXT2_205_2050223.h5,16,0,AXT2,Aera,1.494,16,NYU,TurboSpinEcho,640,320,320,320,16,fastmri_brain,
,file_brain_AXT2_205_2050027.h5,16,0,AXT2,Aera,1.494,16,NYU,TurboSpinEcho,640,320,320,320,16,fastmri_brain,
,file_brain_AXT2_202_2020099.h5,16,0,AXT2,Aera,1.494,20,TH,TurboSpinEcho,640,320,320,320,16,fastmri_brain,
,file_brain_AXT2_205_6000179.h5,16,0,AXT2,Aera,1.494,16,NYU LANGONE 32ND ST,TurboSpinEcho,640,320,320,320,16,fastmri_brain,
,file_brain_AXT2_206_2060006.h5,16,0,AXT2,Aera,1.494,20,HJD,TurboSpinEcho,640,320,320,320,16,fastmri_brain,
,file_brain_AXT2_206_2060083.h5,16,0,AXT2,Aera,1.494,16,NYU,TurboSpinEcho,640,320,320,320,16,fastmri_brain,
,file_brain_AXT2_202_2020451.h5,16,0,AXT2,Aera,1.494,20,TH,TurboSpinEcho,640,320,320,320,16,fastmri_brain,
,file_brain_AXT2_202_2020298.h5,16,0,AXT2,Aera,1.494,16,TH,TurboSpinEcho,640,320,320,320,16,fastmri_brain,
,file_brain_AXT2_202_2020061.h5,16,0,AXT2,Aera,1.494,16,TH,TurboSpinEcho,640,320,320,320,16,fastmri_brain,
,file_brain_AXT2_202_2020504.h5,16,0,AXT2,Aera,1.494,20,TH,TurboSpinEcho,640,320,320,320,16,fastmri_brain,
,file_brain_AXT2_205_6000133.h5,16,0,AXT2,Aera,1.494,20,NYU LANGONE 32ND ST,TurboSpinEcho,640,320,320,320,16,fastmri_brain,
,file_brain_AXT2_205_2050215.h5,16,0,AXT2,Aera,1.494,16,NYU,TurboSpinEcho,640,320,320,320,16,fastmri_brain,
,file_brain_AXT2_205_2050267.h5,16,0,AXT2,Aera,1.494,16,NYU,TurboSpinEcho,640,320,320,320,16,fastmri_brain,
,file_brain_AXT2_206_6000198.h5,16,0,AXT2,Aera,1.494,20,NYU LANGONE LOC,TurboSpinEcho,640,320,320,320,16,fastmri_brain,
,file_brain_AXT2_206_2060034.h5,16,0,AXT2,Aera,1.494,16,NYU,TurboSpinEcho,640,320,320,320,16,fastmri_brain,
,file_brain_AXT2_202_2020347.h5,16,0,AXT2,Aera,1.494,20,TH,TurboSpinEcho,640,320,320,320,16,fastmri_brain,
,file_brain_AXT2_202_2020250.h5,16,0,AXT2,Aera,1.494,20,TH,TurboSpinEcho,640,320,320,320,16,fastmri_brain,
,file_brain_AXT2_205_2050179.h5,16,0,AXT2,Aera,1.494,16,NYU,TurboSpinEcho,640,320,320,320,16,fastmri_brain,
,file_brain_AXT2_206_2060076.h5,16,0,AXT2,Aera,1.494,20,NYU,TurboSpinEcho,640,320,320,320,16,fastmri_brain,
,file_brain_AXT2_202_2020196.h5,16,0,AXT2,Aera,1.494,20,TH,TurboSpinEcho,640,320,320,320,16,fastmri_brain,
,file_brain_AXT2_202_2020189.h5,16,0,AXT2,Aera,1.494,16,TH,TurboSpinEcho,640,320,320,320,16,fastmri_brain,
,file_brain_AXT2_205_6000094.h5,16,0,AXT2,Aera,1.494,16,NYU LANGONE 32ND ST,TurboSpinEcho,640,320,320,320,16,fastmri_brain,
,file_brain_AXT2_205_6000161.h5,16,0,AXT2,Aera,1.494,20,NYU LANGONE 32ND ST,TurboSpinEcho,640,320,320,320,16,fastmri_brain,
,file_brain_AXT2_206_6000194.h5,16,0,AXT2,Aera,1.494,20,NYU LANGONE LOC,TurboSpinEcho,640,320,320,320,16,fastmri_brain,
,file_brain_AXT2_205_2050176.h5,16,0,AXT2,Aera,1.494,20,NYU,TurboSpinEcho,640,320,320,320,16,fastmri_brain,
,file_brain_AXT2_205_2050269.h5,16,0,AXT2,Aera,1.494,16,NYU,TurboSpinEcho,640,320,320,320,16,fastmri_brain,
,file_brain_AXT2_202_2020512.h5,16,0,AXT2,Aera,1.494,16,TH,TurboSpinEcho,640,320,320,320,16,fastmri_brain,
,file_brain_AXT2_202_2020534.h5,14,0,AXT2,Aera,1.494,20,TH,TurboSpinEcho,640,320,320,320,14,fastmri_brain,
,file_brain_AXT2_202_2020226.h5,16,0,AXT2,Aera,1.494,20,TH,TurboSpinEcho,640,320,320,320,16,fastmri_brain,
,file_brain_AXT2_202_2020569.h5,16,0,AXT2,Aera,1.494,20,TH,TurboSpinEcho,640,320,320,320,16,fastmri_brain,
,file_brain_AXT2_205_6000027.h5,16,0,AXT2,Aera,1.494,16,NYU LANGONE 32ND ST,TurboSpinEcho,640,320,320,320,16,fastmri_brain,
,file_brain_AXT2_206_6000257.h5,14,0,AXT2,Aera,1.494,20,NYU LANGONE LOC,TurboSpinEcho,640,320,320,320,14,fastmri_brain,
,file_brain_AXT2_205_6000056.h5,16,0,AXT2,Aera,1.494,16,NYU LANGONE 32ND ST,TurboSpinEcho,640,320,320,320,16,fastmri_brain,
,file_brain_AXT2_202_2020337.h5,16,0,AXT2,Aera,1.494,20,TH,TurboSpinEcho,640,320,320,320,16,fastmri_brain,
,file_brain_AXT2_205_6000078.h5,16,0,AXT2,Aera,1.494,16,NYU LANGONE 32ND ST,TurboSpinEcho,640,320,320,320,16,fastmri_brain,
,file_brain_AXT2_208_2080558.h5,16,0,AXT2,Avanto,1.494,4,NYU,TurboSpinEcho,640,320,320,320,16,fastmri_brain,
,file_brain_AXT2_207_2070198.h5,16,0,AXT2,Avanto,1.494,4,NYU,TurboSpinEcho,640,320,320,320,16,fastmri_brain,
,file_brain_AXT2_208_2080198.h5,16,0,AXT2,Avanto,1.494,4,NYU,TurboSpinEcho,640,320,320,320,16,fastmri_brain,
,file_brain_AXT2_208_2080343.h5,16,0,AXT2,Avanto,1.494,4,NYU,TurboSpinEcho,640,320,320,320,16,fastmri_brain,
,file_brain_AXT2_208_2080298.h5,16,0,AXT2,Avanto,1.494,4,NYU,TurboSpinEcho,640,320,320,320,16,fastmri_brain,
,file_brain_AXT2_207_2070636.h5,16,0,AXT2,Avanto,1.494,4,NYU,TurboSpinEcho,640,320,320,320,16,fastmri_brain,
,file_brain_AXT2_208_2080098.h5,16,0,AXT2,Avanto,1.494,4,NYU,TurboSpinEcho,640,320,320,320,16,fastmri_brain,
,file_brain_AXT2_208_2080491.h5,16,0,AXT2,Avanto,1.494,6,NYU,TurboSpinEcho,640,320,320,320,16,fastmri_brain,
,file_brain_AXT2_208_2080315.h5,16,0,AXT2,Avanto,1.494,4,NYU,TurboSpinEcho,640,320,320,320,16,fastmri_brain,
,file_brain_AXT2_208_2080681.h5,16,0,AXT2,Avanto,1.494,4,NYU,TurboSpinEcho,640,320,320,320,16,fastmri_brain,
,file_brain_AXT2_207_2070699.h5,16,0,AXT2,Avanto,1.494,4,NYU,TurboSpinEcho,640,320,320,320,16,fastmri_brain,
,file_brain_AXT2_208_2080685.h5,16,0,AXT2,Avanto,1.494,4,NYU,TurboSpinEcho,640,320,320,320,16,fastmri_brain,
,file_brain_AXT2_208_2080157.h5,16,0,AXT2,Avanto,1.494,4,NYU,TurboSpinEcho,640,320,320,320,16,fastmri_brain,
,file_brain_AXT2_207_2070725.h5,16,0,AXT2,Avanto,1.494,6,NYU,TurboSpinEcho,640,320,320,320,16,fastmri_brain,
,file_brain_AXT2_207_2070048.h5,16,0,AXT2,Avanto,1.494,4,NYU,TurboSpinEcho,640,320,320,320,16,fastmri_brain,
,file_brain_AXT2_207_2070395.h5,16,0,AXT2,Avanto,1.494,4,NYU,TurboSpinEcho,640,320,320,320,16,fastmri_brain,
,file_brain_AXT2_208_2080016.h5,16,0,AXT2,Avanto,1.494,4,NYU,TurboSpinEcho,640,320,320,320,16,fastmri_brain,
,file_brain_AXT2_208_2080042.h5,16,0,AXT2,Avanto,1.494,4,NYU,TurboSpinEcho,640,320,320,320,16,fastmri_brain,
,file_brain_AXT2_208_2080280.h5,16,0,AXT2,Avanto,1.494,4,NYU,TurboSpinEcho,640,320,320,320,16,fastmri_brain,
,file_brain_AXT2_208_2080273.h5,16,0,AXT2,Avanto,1.494,4,NYU,TurboSpinEcho,640,320,320,320,16,fastmri_brain,
,file_brain_AXT2_207_2070833.h5,16,0,AXT2,Avanto,1.494,4,NYU,TurboSpinEcho,640,320,320,320,16,fastmri_brain,
,file_brain_AXT2_207_2070834.h5,16,0,AXT2,Avanto,1.494,4,NYU,TurboSpinEcho,640,320,320,320,16,fastmri_brain,
,file_brain_AXT2_207_2070514.h5,16,0,AXT2,Avanto,1.494,4,NYU,TurboSpinEcho,640,320,320,320,16,fastmri_brain,
,file_brain_AXT2_208_2080064.h5,16,0,AXT2,Avanto,1.494,4,NYU,TurboSpinEcho,640,320,320,320,16,fastmri_brain,
,file_brain_AXT2_208_2080614.h5,16,0,AXT2,Avanto,1.494,6,NYU,TurboSpinEcho,640,320,320,320,16,fastmri_brain,
,file_brain_AXT2_208_2080040.h5,16,0,AXT2,Avanto,1.494,4,NYU,TurboSpinEcho,640,320,320,320,16,fastmri_brain,
,file_brain_AXT2_207_2070459.h5,16,0,AXT2,Avanto,1.494,4,NYU,TurboSpinEcho,640,320,320,320,16,fastmri_brain,
,file_brain_AXT2_208_2080160.h5,16,0,AXT2,Avanto,1.494,4,NYU,TurboSpinEcho,640,320,320,320,16,fastmri_brain,
,file_brain_AXT2_207_2070844.h5,16,0,AXT2,Avanto,1.494,4,NYU,TurboSpinEcho,640,320,320,320,16,fastmri_brain,
,file_brain_AXT2_207_2070779.h5,16,0,AXT2,Avanto,1.494,4,NYU,TurboSpinEcho,640,320,320,320,16,fastmri_brain,
,file_brain_AXT2_207_2070498.h5,16,0,AXT2,Avanto,1.494,4,NYU,TurboSpinEcho,640,320,320,320,16,fastmri_brain,
,file_brain_AXT2_207_2070252.h5,16,0,AXT2,Avanto,1.494,4,NYU,TurboSpinEcho,640,320,320,320,16,fastmri_brain,
,file_brain_AXT2_207_2070062.h5,16,0,AXT2,Avanto,1.494,4,NYU,TurboSpinEcho,640,320,320,320,16,fastmri_brain,
,file_brain_AXT2_207_2070703.h5,16,0,AXT2,Avanto,1.494,4,NYU,TurboSpinEcho,640,320,320,320,16,fastmri_brain,
,file_brain_AXT2_207_2070704.h5,16,0,AXT2,Avanto,1.494,4,NYU,TurboSpinEcho,640,320,320,320,16,fastmri_brain,
,file_brain_AXT2_208_2080587.h5,16,0,AXT2,Avanto,1.494,4,NYU,TurboSpinEcho,640,320,320,320,16,fastmri_brain,
,file_brain_AXT2_208_2080484.h5,16,0,AXT2,Avanto,1.494,4,NYU,TurboSpinEcho,640,320,320,320,16,fastmri_brain,
,file_brain_AXT2_207_2070546.h5,16,0,AXT2,Avanto,1.494,4,NYU,TurboSpinEcho,640,320,320,320,16,fastmri_brain,
,file_brain_AXT2_207_2070551.h5,16,0,AXT2,Avanto,1.494,4,NYU,TurboSpinEcho,640,320,320,320,16,fastmri_brain,
,file_brain_AXT2_207_2070145.h5,16,0,AXT2,Avanto,1.494,4,NYU,TurboSpinEcho,640,320,320,320,16,fastmri_brain,
,file_brain_AXT2_207_2070562.h5,16,0,AXT2,Avanto,1.494,4,NYU,TurboSpinEcho,640,320,320,320,16,fastmri_brain,
,file_brain_AXT2_208_2080560.h5,16,0,AXT2,Avanto,1.494,4,NYU,TurboSpinEcho,640,320,320,320,16,fastmri_brain,
,file_brain_AXT2_207_2070022.h5,16,0,AXT2,Avanto,1.494,6,NYU,TurboSpinEcho,640,320,320,320,16,fastmri_brain,
,file_brain_AXT2_208_2080370.h5,16,0,AXT2,Avanto,1.494,4,NYU,TurboSpinEcho,640,320,320,320,16,fastmri_brain,
,file_brain_AXT2_207_2070456.h5,16,0,AXT2,Avanto,1.494,4,NYU,TurboSpinEcho,640,320,320,320,16,fastmri_brain,
,file_brain_AXT2_207_2070332.h5,16,0,AXT2,Avanto,1.494,4,NYU,TurboSpinEcho,640,320,320,320,16,fastmri_brain,
,file_brain_AXT2_208_2080314.h5,16,0,AXT2,Avanto,1.494,4,NYU,TurboSpinEcho,640,320,320,320,16,fastmri_brain,
,file_brain_AXT2_208_2080552.h5,16,0,AXT2,Avanto,1.494,4,NYU,TurboSpinEcho,640,320,320,320,16,fastmri_brain,
,file_brain_AXT2_207_2070808.h5,16,0,AXT2,Avanto,1.494,4,NYU,TurboSpinEcho,640,320,320,320,16,fastmri_brain,
,file_brain_AXT2_208_2080604.h5,16,0,AXT2,Avanto,1.494,4,NYU,TurboSpinEcho,640,320,320,320,16,fastmri_brain,
,file_brain_AXT2_207_2070729.h5,16,0,AXT2,Avanto,1.494,4,NYU,TurboSpinEcho,640,320,320,320,16,fastmri_brain,
,file_brain_AXT2_207_2070528.h5,16,0,AXT2,Avanto,1.494,4,NYU,TurboSpinEcho,640,320,320,320,16,fastmri_brain,
,file_brain_AXT2_208_2080509.h5,16,0,AXT2,Avanto,1.494,4,NYU,TurboSpinEcho,640,320,320,320,16,fastmri_brain,
,file_brain_AXT2_207_2070822.h5,16,0,AXT2,Avanto,1.494,4,NYU,TurboSpinEcho,640,320,320,320,16,fastmri_brain,
,file_brain_AXT2_208_2080607.h5,16,0,AXT2,Avanto,1.494,4,NYU,TurboSpinEcho,640,320,320,320,16,fastmri_brain,
,file_brain_AXT2_208_2080728.h5,14,0,AXT2,Avanto,1.494,4,NYU,TurboSpinEcho,640,320,320,320,14,fastmri_brain,
,file_brain_AXT2_207_2070228.h5,16,0,AXT2,Avanto,1.494,4,NYU,TurboSpinEcho,640,320,320,320,16,fastmri_brain,
,file_brain_AXT2_208_2080710.h5,16,0,AXT2,Avanto,1.494,4,NYU,TurboSpinEcho,640,320,320,320,16,fastmri_brain,
,file_brain_AXT2_207_2070530.h5,16,0,AXT2,Avanto,1.494,4,NYU,TurboSpinEcho,640,320,320,320,16,fastmri_brain,
,file_brain_AXT2_207_2070482.h5,16,0,AXT2,Avanto,1.494,4,NYU,TurboSpinEcho,640,320,320,320,16,fastmri_brain,
,file_brain_AXT2_208_2080170.h5,16,0,AXT2,Avanto,1.494,4,NYU,TurboSpinEcho,640,320,320,320,16,fastmri_brain,
,file_brain_AXT2_208_2080338.h5,16,0,AXT2,Avanto,1.494,4,NYU,TurboSpinEcho,640,320,320,320,16,fastmri_brain,
,file_brain_AXT2_207_2070342.h5,16,0,AXT2,Avanto,1.494,4,NYU,TurboSpinEcho,640,320,320,320,16,fastmri_brain,
,file_brain_AXT2_208_2080420.h5,16,0,AXT2,Avanto,1.494,4,NYU,TurboSpinEcho,640,320,320,320,16,fastmri_brain,
,file_brain_AXT2_208_2080051.h5,16,0,AXT2,Avanto,1.494,6,NYU,TurboSpinEcho,640,320,320,320,16,fastmri_brain,
,file_brain_AXT2_208_2080188.h5,16,0,AXT2,Avanto,1.494,4,NYU,TurboSpinEcho,640,320,320,320,16,fastmri_brain,
,file_brain_AXT2_207_2070734.h5,16,0,AXT2,Avanto,1.494,4,NYU,TurboSpinEcho,640,320,320,320,16,fastmri_brain,
,file_brain_AXT2_208_2080190.h5,16,0,AXT2,Avanto,1.494,4,NYU,TurboSpinEcho,640,320,320,320,16,fastmri_brain,
,file_brain_AXT2_207_2070266.h5,16,0,AXT2,Avanto,1.494,4,NYU,TurboSpinEcho,640,320,320,320,16,fastmri_brain,
,file_brain_AXT2_208_2080037.h5,16,0,AXT2,Avanto,1.494,5,NYU,TurboSpinEcho,640,320,320,320,16,fastmri_brain,
,file_brain_AXT2_207_2070194.h5,16,0,AXT2,Avanto,1.494,6,NYU,TurboSpinEcho,640,320,320,320,16,fastmri_brain,
,file_brain_AXT2_208_2080549.h5,16,0,AXT2,Avanto,1.494,4,NYU,TurboSpinEcho,640,320,320,320,16,fastmri_brain,
,file_brain_AXT2_208_2080455.h5,16,0,AXT2,Avanto,1.494,4,NYU,TurboSpinEcho,640,320,320,320,16,fastmri_brain,
,file_brain_AXT2_207_2070089.h5,16,0,AXT2,Avanto,1.494,4,NYU,TurboSpinEcho,640,320,320,320,16,fastmri_brain,
,file_brain_AXT2_207_2070726.h5,16,0,AXT2,Avanto,1.494,4,NYU,TurboSpinEcho,640,320,320,320,16,fastmri_brain,
,file_brain_AXT2_207_2070484.h5,16,0,AXT2,Avanto,1.494,4,NYU,TurboSpinEcho,640,320,320,320,16,fastmri_brain,
,file_brain_AXT2_208_2080585.h5,16,0,AXT2,Avanto,1.494,4,NYU,TurboSpinEcho,640,320,320,320,16,fastmri_brain,
,file_brain_AXT2_207_2070172.h5,16,0,AXT2,Avanto,1.494,4,NYU,TurboSpinEcho,640,320,320,320,16,fastmri_brain,
,file_brain_AXT2_208_2080562.h5,16,0,AXT2,Avanto,1.494,4,NYU,TurboSpinEcho,640,320,320,320,16,fastmri_brain,
,file_brain_AXT2_208_2080505.h5,16,0,AXT2,Avanto,1.494,4,NYU,TurboSpinEcho,640,320,320,320,16,fastmri_brain,
,file_brain_AXT2_208_2080713.h5,16,0,AXT2,Avanto,1.494,4,NYU,TurboSpinEcho,640,320,320,320,16,fastmri_brain,
,file_brain_AXT2_208_2080440.h5,16,0,AXT2,Avanto,1.494,4,NYU,TurboSpinEcho,640,320,320,320,16,fastmri_brain,
,file_brain_AXT2_207_2070405.h5,16,0,AXT2,Avanto,1.494,4,NYU,TurboSpinEcho,640,320,320,320,16,fastmri_brain,
,file_brain_AXT2_207_2070165.h5,16,0,AXT2,Avanto,1.494,4,NYU,TurboSpinEcho,640,320,320,320,16,fastmri_brain,
,file_brain_AXT2_208_2080206.h5,16,0,AXT2,Avanto,1.494,4,NYU,TurboSpinEcho,640,320,320,320,16,fastmri_brain,
,file_brain_AXT2_208_2080330.h5,16,0,AXT2,Avanto,1.494,4,NYU,TurboSpinEcho,640,320,320,320,16,fastmri_brain,
,file_brain_AXT2_207_2070522.h5,16,0,AXT2,Avanto,1.494,4,NYU,TurboSpinEcho,640,320,320,320,16,fastmri_brain,
,file_brain_AXT2_207_2070329.h5,16,0,AXT2,Avanto,1.494,4,NYU,TurboSpinEcho,640,320,320,320,16,fastmri_brain,
,file_brain_AXT2_208_2080635.h5,14,0,AXT2,Avanto,1.494,4,NYU,TurboSpinEcho,640,320,320,320,14,fastmri_brain,
,file_brain_AXT2_207_2070648.h5,16,0,AXT2,Avanto,1.494,4,NYU,TurboSpinEcho,640,320,320,320,16,fastmri_brain,
,file_brain_AXT2_207_2070497.h5,16,0,AXT2,Avanto,1.494,4,NYU,TurboSpinEcho,640,320,320,320,16,fastmri_brain,
,file_brain_AXT2_208_2080260.h5,16,0,AXT2,Avanto,1.494,4,NYU,TurboSpinEcho,640,320,320,320,16,fastmri_brain,
,file_brain_AXT2_207_2070277.h5,16,0,AXT2,Avanto,1.494,4,NYU,TurboSpinEcho,640,320,320,320,16,fastmri_brain,
,file_brain_AXT2_208_2080533.h5,16,0,AXT2,Avanto,1.494,4,NYU,TurboSpinEcho,640,320,320,320,16,fastmri_brain,
,file_brain_AXT2_208_2080004.h5,16,0,AXT2,Avanto,1.494,4,NYU,TurboSpinEcho,640,320,320,320,16,fastmri_brain,
,file_brain_AXT2_208_2080594.h5,16,0,AXT2,Avanto,1.494,4,NYU,TurboSpinEcho,640,320,320,320,16,fastmri_brain,
,file_brain_AXT2_207_2070504.h5,16,0,AXT2,Avanto,1.494,4,NYU,TurboSpinEcho,640,320,320,320,16,fastmri_brain,
,file_brain_AXT2_208_2080269.h5,16,0,AXT2,Avanto,1.494,4,NYU,TurboSpinEcho,640,320,320,320,16,fastmri_brain,
,file_brain_AXT2_208_2080228.h5,16,0,AXT2,Avanto,1.494,6,NYU,TurboSpinEcho,640,320,320,320,16,fastmri_brain,
,file_brain_AXT2_207_2070516.h5,16,0,AXT2,Avanto,1.494,4,NYU,TurboSpinEcho,640,320,320,320,16,fastmri_brain,
,file_brain_AXT2_207_2070439.h5,16,0,AXT2,Avanto,1.494,4,NYU,TurboSpinEcho,640,320,320,320,16,fastmri_brain,
,file_brain_AXT2_208_2080620.h5,16,0,AXT2,Avanto,1.494,4,NYU,TurboSpinEcho,640,320,320,320,16,fastmri_brain,
,file_brain_AXT2_207_2070161.h5,14,0,AXT2,Avanto,1.494,4,NYU,TurboSpinEcho,640,320,320,320,14,fastmri_brain,
,file_brain_AXT2_207_2070339.h5,14,0,AXT2,Avanto,1.494,4,NYU,TurboSpinEcho,640,320,320,320,14,fastmri_brain,
,file_brain_AXT2_208_2080583.h5,16,0,AXT2,Avanto,1.494,4,NYU,TurboSpinEcho,640,320,320,320,16,fastmri_brain,
,file_brain_AXT2_207_2070536.h5,16,0,AXT2,Avanto,1.494,4,NYU,TurboSpinEcho,640,320,320,320,16,fastmri_brain,
,file_brain_AXT2_208_2080131.h5,16,0,AXT2,Avanto,1.494,6,NYU,TurboSpinEcho,640,320,320,320,16,fastmri_brain,
,file_brain_AXT2_207_2070581.h5,16,0,AXT2,Avanto,1.494,4,NYU,TurboSpinEcho,640,320,320,320,16,fastmri_brain,
,file_brain_AXT2_208_2080225.h5,16,0,AXT2,Avanto,1.494,6,NYU,TurboSpinEcho,640,320,320,320,16,fastmri_brain,
,file_brain_AXT2_208_2080080.h5,16,0,AXT2,Avanto,1.494,4,NYU,TurboSpinEcho,640,320,320,320,16,fastmri_brain,
,file_brain_AXT2_207_2070134.h5,16,0,AXT2,Avanto,1.494,4,NYU,TurboSpinEcho,640,320,320,320,16,fastmri_brain,
,file_brain_AXT2_208_2080288.h5,16,0,AXT2,Avanto,1.494,4,NYU,TurboSpinEcho,640,320,320,320,16,fastmri_brain,
,file_brain_AXT2_207_2070552.h5,16,0,AXT2,Avanto,1.494,4,NYU,TurboSpinEcho,640,320,320,320,16,fastmri_brain,
,file_brain_AXT2_208_2080529.h5,16,0,AXT2,Avanto,1.494,4,NYU,TurboSpinEcho,640,320,320,320,16,fastmri_brain,
,file_brain_AXT2_207_2070586.h5,16,0,AXT2,Avanto,1.494,4,NYU,TurboSpinEcho,640,320,320,320,16,fastmri_brain,
,file_brain_AXT2_208_2080247.h5,16,0,AXT2,Avanto,1.494,4,NYU,TurboSpinEcho,640,320,320,320,16,fastmri_brain,
,file_brain_AXT2_208_2080660.h5,16,0,AXT2,Avanto,1.494,4,NYU,TurboSpinEcho,640,320,320,320,16,fastmri_brain,
,file_brain_AXT2_207_2070350.h5,14,0,AXT2,Avanto,1.494,6,NYU,TurboSpinEcho,640,320,320,320,14,fastmri_brain,
,file_brain_AXT2_207_2070677.h5,16,0,AXT2,Avanto,1.494,4,NYU,TurboSpinEcho,640,320,320,320,16,fastmri_brain,
,file_brain_AXT2_207_2070390.h5,16,0,AXT2,Avanto,1.494,4,NYU,TurboSpinEcho,640,320,320,320,16,fastmri_brain,
,file_brain_AXT2_208_2080174.h5,16,0,AXT2,Avanto,1.494,4,NYU,TurboSpinEcho,640,320,320,320,16,fastmri_brain,
,file_brain_AXT2_208_2080711.h5,16,0,AXT2,Avanto,1.494,4,NYU,TurboSpinEcho,640,320,320,320,16,fastmri_brain,
,file_brain_AXT2_208_2080530.h5,16,0,AXT2,Avanto,1.494,4,NYU,TurboSpinEcho,640,320,320,320,16,fastmri_brain,
,file_brain_AXT2_208_2080408.h5,16,0,AXT2,Avanto,1.494,4,NYU,TurboSpinEcho,640,320,320,320,16,fastmri_brain,
,file_brain_AXT2_207_2070454.h5,16,0,AXT2,Avanto,1.494,4,NYU,TurboSpinEcho,640,320,320,320,16,fastmri_brain,
,file_brain_AXT2_207_2070542.h5,16,0,AXT2,Avanto,1.494,4,NYU,TurboSpinEcho,640,320,320,320,16,fastmri_brain,
,file_brain_AXT2_207_2070501.h5,16,0,AXT2,Avanto,1.494,4,NYU,TurboSpinEcho,640,320,320,320,16,fastmri_brain,
,file_brain_AXT2_207_2070835.h5,16,0,AXT2,Avanto,1.494,4,NYU,TurboSpinEcho,640,320,320,320,16,fastmri_brain,
,file_brain_AXT2_200_2000404.h5,16,0,AXT2,Skyra,2.8936,16,NYU,TurboSpinEcho,768,396,384,384,16,fastmri_brain,
,file_brain_AXT2_200_2000541.h5,16,0,AXT2,Skyra,2.8936,20,NYU,TurboSpinEcho,768,396,384,384,16,fastmri_brain,
,file_brain_AXT2_200_6002393.h5,16,0,AXT2,Skyra,2.8936,16,NYU LANGONE CBI,TurboSpinEcho,768,396,384,384,16,fastmri_brain,
,file_brain_AXT2_201_2010031.h5,16,0,AXT2,Skyra,2.8936,20,TH,TurboSpinEcho,768,396,384,384,16,fastmri_brain,
,file_brain_AXT2_201_2010104.h5,16,0,AXT2,Skyra,2.8936,20,TH,TurboSpinEcho,768,396,384,384,16,fastmri_brain,
,file_brain_AXT2_200_2000381.h5,16,0,AXT2,Skyra,2.8936,18,NYU,TurboSpinEcho,768,396,384,384,16,fastmri_brain,
,file_brain_AXT2_200_2000015.h5,12,0,AXT2,Skyra,2.8936,20,NYU,TurboSpinEcho,768,396,384,384,12,fastmri_brain,
,file_brain_AXT2_200_6002370.h5,16,0,AXT2,Skyra,2.8936,16,NYU LANGONE CBI,TurboSpinEcho,768,396,384,384,16,fastmri_brain,
,file_brain_AXT2_200_2000120.h5,16,0,AXT2,Skyra,2.8936,20,NYU,TurboSpinEcho,768,396,384,384,16,fastmri_brain,
,file_brain_AXT2_200_6002055.h5,16,0,AXT2,Skyra,2.8936,16,NYU LANGONE CBI,TurboSpinEcho,768,396,384,384,16,fastmri_brain,
,file_brain_AXT2_200_2000192.h5,16,0,AXT2,Skyra,2.8936,16,NYU,TurboSpinEcho,768,396,384,384,16,fastmri_brain,
,file_brain_AXT2_200_6001974.h5,16,0,AXT2,Skyra,2.8936,12,NYU LANGONE CBI,TurboSpinEcho,768,396,384,384,16,fastmri_brain,
,file_brain_AXT2_200_2000017.h5,16,0,AXT2,Skyra,2.8936,20,NYU,TurboSpinEcho,768,396,384,384,16,fastmri_brain,
,file_brain_AXT2_201_2010551.h5,16,0,AXT2,Skyra,2.8936,20,TH,TurboSpinEcho,768,396,384,384,16,fastmri_brain,
,file_brain_AXT2_200_2000173.h5,16,0,AXT2,Skyra,2.8936,16,NYU,TurboSpinEcho,768,396,384,384,16,fastmri_brain,
,file_brain_AXT2_204_2040055.h5,16,0,AXT2,Skyra,2.8936,20,NYU,TurboSpinEcho,768,396,384,384,16,fastmri_brain,
,file_brain_AXT2_200_6002569.h5,16,0,AXT2,Skyra,2.8936,16,NYU LANGONE CBI,TurboSpinEcho,768,396,384,384,16,fastmri_brain,
,file_brain_AXT2_200_2000164.h5,16,0,AXT2,Skyra,2.8936,20,NYU,TurboSpinEcho,768,396,384,384,16,fastmri_brain,
,file_brain_AXT2_200_6002568.h5,14,0,AXT2,Skyra,2.8936,20,NYU LANGONE CBI,TurboSpinEcho,768,396,384,384,14,fastmri_brain,
,file_brain_AXT2_201_2010501.h5,16,0,AXT2,Skyra,2.8936,16,TH,TurboSpinEcho,768,396,384,384,16,fastmri_brain,
,file_brain_AXT2_200_2000070.h5,16,0,AXT2,Skyra,2.8936,20,NYU,TurboSpinEcho,768,396,384,384,16,fastmri_brain,
,file_brain_AXT2_201_2010116.h5,16,0,AXT2,Skyra,2.8936,20,TH,TurboSpinEcho,768,396,384,384,16,fastmri_brain,
,file_brain_AXT2_200_2000560.h5,16,0,AXT2,Skyra,2.8936,20,NYU,TurboSpinEcho,768,396,384,384,16,fastmri_brain,
,file_brain_AXT2_200_2000615.h5,16,0,AXT2,Skyra,2.8936,16,NYU,TurboSpinEcho,768,396,384,384,16,fastmri_brain,
,file_brain_AXT2_200_2000419.h5,16,0,AXT2,Skyra,2.8936,20,NYU,TurboSpinEcho,768,396,384,384,16,fastmri_brain,
,file_brain_AXT2_200_2000198.h5,16,0,AXT2,Skyra,2.8936,20,NYU,TurboSpinEcho,768,396,384,384,16,fastmri_brain,
,file_brain_AXT2_200_2000163.h5,16,0,AXT2,Skyra,2.8936,16,NYU,TurboSpinEcho,768,396,384,384,16,fastmri_brain,
,file_brain_AXT2_200_6002528.h5,14,0,AXT2,Skyra,2.8936,16,NYU LANGONE CBI,TurboSpinEcho,768,396,384,384,14,fastmri_brain,
,file_brain_AXT2_200_2000018.h5,16,0,AXT2,Skyra,2.8936,20,NYU,TurboSpinEcho,768,396,384,384,16,fastmri_brain,
,file_brain_AXT2_200_6001980.h5,16,0,AXT2,Skyra,2.8936,20,NYU LANGONE CBI,TurboSpinEcho,768,396,384,384,16,fastmri_brain,
,file_brain_AXT2_200_2000214.h5,16,0,AXT2,Skyra,2.8936,16,NYU,TurboSpinEcho,768,396,384,384,16,fastmri_brain,
,file_brain_AXT2_201_2010542.h5,14,0,AXT2,Skyra,2.8936,20,TH,TurboSpinEcho,768,396,384,384,14,fastmri_brain,
,file_brain_AXT2_200_6002190.h5,16,0,AXT2,Skyra,2.8936,16,NYU LANGONE CBI,TurboSpinEcho,768,396,384,384,16,fastmri_brain,
,file_brain_AXT2_201_2010034.h5,16,0,AXT2,Skyra,2.8936,20,TH,TurboSpinEcho,768,396,384,384,16,fastmri_brain,
,file_brain_AXT2_201_2010141.h5,16,0,AXT2,Skyra,2.8936,16,TH,TurboSpinEcho,768,396,384,384,16,fastmri_brain,
,file_brain_AXT2_200_6002534.h5,16,0,AXT2,Skyra,2.8936,28,NYU LANGONE CBI,TurboSpinEcho,768,396,384,384,16,fastmri_brain,
,file_brain_AXT2_201_2010114.h5,16,0,AXT2,Skyra,2.8936,20,TH,TurboSpinEcho,768,396,384,384,16,fastmri_brain,
,file_brain_AXT2_200_2000400.h5,16,0,AXT2,Skyra,2.8936,16,NYU,TurboSpinEcho,768,396,384,384,16,fastmri_brain,
,file_brain_AXT2_200_2000326.h5,16,0,AXT2,Skyra,2.8936,20,NYU,TurboSpinEcho,768,396,384,384,16,fastmri_brain,
,file_brain_AXT2_200_6002012.h5,16,0,AXT2,Skyra,2.8936,20,NYU LANGONE CBI,TurboSpinEcho,768,396,384,384,16,fastmri_brain,
,file_brain_AXT2_200_2000073.h5,16,0,AXT2,Skyra,2.8936,16,NYU,TurboSpinEcho,768,396,384,384,16,fastmri_brain,
,file_brain_AXT2_200_6002660.h5,16,0,AXT2,Skyra,2.8936,20,NYU LANGONE CBI,TurboSpinEcho,768,396,384,384,16,fastmri_brain,
,file_brain_AXT2_201_2010127.h5,16,0,AXT2,Skyra,2.8936,20,TH,TurboSpinEcho,768,396,384,384,16,fastmri_brain,
,file_brain_AXT2_200_2000495.h5,16,0,AXT2,Skyra,2.8936,16,NYU,TurboSpinEcho,768,396,384,384,16,fastmri_brain,
,file_brain_AXT2_200_6002604.h5,16,0,AXT2,Skyra,2.8936,20,NYU LANGONE CBI,TurboSpinEcho,768,396,384,384,16,fastmri_brain,
,file_brain_AXT2_200_6002238.h5,16,0,AXT2,Skyra,2.8936,20,NYU LANGONE CBI,TurboSpinEcho,768,396,384,384,16,fastmri_brain,
,file_brain_AXT2_201_2010265.h5,16,0,AXT2,Skyra,2.8936,20,TH,TurboSpinEcho,768,396,384,384,16,fastmri_brain,
,file_brain_AXT2_200_6002628.h5,16,0,AXT2,Skyra,2.8936,20,NYU LANGONE CBI,TurboSpinEcho,768,396,384,384,16,fastmri_brain,
,file_brain_AXT2_201_2010446.h5,16,0,AXT2,Skyra,2.8936,16,TH,TurboSpinEcho,768,396,384,384,16,fastmri_brain,
,file_brain_AXT2_200_6002272.h5,16,0,AXT2,Skyra,2.8936,20,NYU LANGONE CBI,TurboSpinEcho,768,396,384,384,16,fastmri_brain,
,file_brain_AXT2_200_6002037.h5,16,0,AXT2,Skyra,2.8936,16,NYU LANGONE CBI,TurboSpinEcho,768,396,384,384,16,fastmri_brain,
,file_brain_AXT2_200_6001994.h5,16,0,AXT2,Skyra,2.8936,16,NYU LANGONE CBI,TurboSpinEcho,768,396,384,384,16,fastmri_brain,
,file_brain_AXT2_200_2000626.h5,16,0,AXT2,Skyra,2.8936,20,NYU,TurboSpinEcho,768,396,384,384,16,fastmri_brain,
,file_brain_AXT2_200_2000060.h5,16,0,AXT2,Skyra,2.8936,16,NYU,TurboSpinEcho,768,396,384,384,16,fastmri_brain,
,file_brain_AXT2_200_2000175.h5,16,0,AXT2,Skyra,2.8936,16,NYU,TurboSpinEcho,768,396,384,384,16,fastmri_brain,
,file_brain_AXT2_201_2010228.h5,16,0,AXT2,Skyra,2.8936,16,TH,TurboSpinEcho,768,396,384,384,16,fastmri_brain,
,file_brain_AXT2_201_2010485.h5,16,0,AXT2,Skyra,2.8936,16,TH,TurboSpinEcho,768,396,384,384,16,fastmri_brain,
,file_brain_AXT2_200_2000592.h5,16,0,AXT2,Skyra,2.8936,20,NYU,TurboSpinEcho,768,396,384,384,16,fastmri_brain,
,file_brain_AXT2_200_2000118.h5,16,0,AXT2,Skyra,2.8936,20,NYU,TurboSpinEcho,768,396,384,384,16,fastmri_brain,
,file_brain_AXT2_201_2010441.h5,16,0,AXT2,Skyra,2.8936,20,TH,TurboSpinEcho,768,396,384,384,16,fastmri_brain,
,file_brain_AXT2_201_2010587.h5,16,0,AXT2,Skyra,2.8936,20,TH,TurboSpinEcho,768,396,384,384,16,fastmri_brain,
,file_brain_AXT2_200_2000196.h5,16,0,AXT2,Skyra,2.8936,16,NYU,TurboSpinEcho,768,396,384,384,16,fastmri_brain,
,file_brain_AXT2_200_2000474.h5,16,0,AXT2,Skyra,2.8936,20,NYU,TurboSpinEcho,768,396,384,384,16,fastmri_brain,
,file_brain_AXT2_204_2040057.h5,16,0,AXT2,Skyra,2.8936,20,NYU,TurboSpinEcho,768,396,384,384,16,fastmri_brain,
,file_brain_AXT2_200_2000362.h5,16,0,AXT2,Skyra,2.8936,16,NYU,TurboSpinEcho,768,396,384,384,16,fastmri_brain,
,file_brain_AXT2_204_2040025.h5,16,0,AXT2,Skyra,2.8936,16,NYU,TurboSpinEcho,768,396,384,384,16,fastmri_brain,
,file_brain_AXT2_200_2000428.h5,16,0,AXT2,Skyra,2.8936,16,NYU,TurboSpinEcho,768,396,384,384,16,fastmri_brain,
,file_brain_AXT2_200_6002075.h5,16,0,AXT2,Skyra,2.8936,20,NYU LANGONE CBI,TurboSpinEcho,768,396,384,384,16,fastmri_brain,
,file_brain_AXT2_200_6002500.h5,16,0,AXT2,Skyra,2.8936,20,NYU LANGONE CBI,TurboSpinEcho,768,396,384,384,16,fastmri_brain,
,file_brain_AXT2_201_2010534.h5,16,0,AXT2,Skyra,2.8936,20,TH,TurboSpinEcho,768,396,384,384,16,fastmri_brain,
,file_brain_AXT2_201_2010624.h5,16,0,AXT2,Skyra,2.8936,20,TH,TurboSpinEcho,768,396,384,384,16,fastmri_brain,
,file_brain_AXT2_201_2010433.h5,16,0,AXT2,Skyra,2.8936,16,TH,TurboSpinEcho,768,396,384,384,16,fastmri_brain,
,file_brain_AXT2_200_2000579.h5,16,0,AXT2,Skyra,2.8936,16,NYU,TurboSpinEcho,768,396,384,384,16,fastmri_brain,
,file_brain_AXT2_201_2010386.h5,16,0,AXT2,Skyra,2.8936,20,TH,TurboSpinEcho,768,396,384,384,16,fastmri_brain,
,file_brain_AXT2_201_2010369.h5,16,0,AXT2,Skyra,2.8936,20,TH,TurboSpinEcho,768,396,384,384,16,fastmri_brain,
,file_brain_AXT2_204_2040098.h5,16,0,AXT2,Skyra,2.8936,16,NYU,TurboSpinEcho,768,396,384,384,16,fastmri_brain,
,file_brain_AXT2_201_2010058.h5,16,0,AXT2,Skyra,2.8936,16,TH,TurboSpinEcho,768,396,384,384,16,fastmri_brain,
,file_brain_AXT2_200_6001999.h5,16,0,AXT2,Skyra,2.8936,16,NYU LANGONE CBI,TurboSpinEcho,768,396,384,384,16,fastmri_brain,
,file_brain_AXT2_201_2010524.h5,16,0,AXT2,Skyra,2.8936,20,TH,TurboSpinEcho,768,396,384,384,16,fastmri_brain,
,file_brain_AXT2_200_2000056.h5,16,0,AXT2,Skyra,2.8936,16,NYU,TurboSpinEcho,768,396,384,384,16,fastmri_brain,
,file_brain_AXT2_204_2040011.h5,16,0,AXT2,Skyra,2.8936,16,HJD,TurboSpinEcho,768,396,384,384,16,fastmri_brain,
,file_brain_AXT2_200_6002139.h5,16,0,AXT2,Skyra,2.8936,20,NYU LANGONE CBI,TurboSpinEcho,768,396,384,384,16,fastmri_brain,
,file_brain_AXT2_200_2000150.h5,16,0,AXT2,Skyra,2.8936,16,NYU,TurboSpinEcho,768,396,384,384,16,fastmri_brain,
,file_brain_AXT2_200_2000301.h5,10,0,AXT2,Skyra,2.8936,16,NYU,TurboSpinEcho,768,396,384,384,10,fastmri_brain,
,file_brain_AXT2_201_2010095.h5,16,0,AXT2,Skyra,2.8936,16,TH,TurboSpinEcho,768,396,384,384,16,fastmri_brain,
,file_brain_AXT2_200_2000028.h5,16,0,AXT2,Skyra,2.8936,16,NYU,TurboSpinEcho,768,396,384,384,16,fastmri_brain,
,file_brain_AXT2_201_2010396.h5,16,0,AXT2,Skyra,2.8936,12,TH,TurboSpinEcho,768,396,384,384,16,fastmri_brain,
,file_brain_AXT2_200_2000522.h5,16,0,AXT2,Skyra,2.8936,16,NYU,TurboSpinEcho,768,396,384,384,16,fastmri_brain,
,file_brain_AXT2_201_2010174.h5,16,0,AXT2,Skyra,2.8936,16,TH,TurboSpinEcho,768,396,384,384,16,fastmri_brain,
,file_brain_AXT2_200_6002167.h5,16,0,AXT2,Skyra,2.8936,20,NYU LANGONE CBI,TurboSpinEcho,768,396,384,384,16,fastmri_brain,
,file_brain_AXT2_204_2130025.h5,16,0,AXT2,Skyra,2.8936,16,NYU,TurboSpinEcho,768,396,384,384,16,fastmri_brain,
,file_brain_AXT2_200_2000080.h5,16,0,AXT2,Skyra,2.8936,16,NYU,TurboSpinEcho,768,396,384,384,16,fastmri_brain,
,file_brain_AXT2_201_2010303.h5,14,0,AXT2,Skyra,2.8936,20,TH,TurboSpinEcho,768,396,384,384,14,fastmri_brain,
,file_brain_AXT2_200_6002663.h5,16,0,AXT2,Skyra,2.8936,16,NYU LANGONE CBI,TurboSpinEcho,768,396,384,384,16,fastmri_brain,
,file_brain_AXT2_200_6001960.h5,14,0,AXT2,Skyra,2.8936,12,NYU LANGONE CBI,TurboSpinEcho,768,396,384,384,14,fastmri_brain,
,file_brain_AXT2_200_6001983.h5,16,0,AXT2,Skyra,2.8936,16,NYU LANGONE CBI,TurboSpinEcho,768,396,384,384,16,fastmri_brain,
,file_brain_AXT2_200_2000624.h5,16,0,AXT2,Skyra,2.8936,16,NYU,TurboSpinEcho,768,396,384,384,16,fastmri_brain,
,file_brain_AXT2_200_2000507.h5,16,0,AXT2,Skyra,2.8936,16,NYU,TurboSpinEcho,768,396,384,384,16,fastmri_brain,
,file_brain_AXT2_200_2000533.h5,16,0,AXT2,Skyra,2.8936,20,NYU,TurboSpinEcho,768,396,384,384,16,fastmri_brain,
,file_brain_AXT2_204_2040005.h5,16,0,AXT2,Skyra,2.8936,16,HJD,TurboSpinEcho,768,396,384,384,16,fastmri_brain,
,file_brain_AXT2_200_6002275.h5,16,0,AXT2,Skyra,2.8936,20,NYU LANGONE CBI,TurboSpinEcho,768,396,384,384,16,fastmri_brain,
,file_brain_AXT2_200_6002241.h5,16,0,AXT2,Skyra,2.8936,20,NYU LANGONE CBI,TurboSpinEcho,768,396,384,384,16,fastmri_brain,
,file_brain_AXT2_200_2000099.h5,16,0,AXT2,Skyra,2.8936,20,NYU,TurboSpinEcho,768,396,384,384,16,fastmri_brain,
,file_brain_AXT2_201_2010332.h5,16,0,AXT2,Skyra,2.8936,20,TH,TurboSpinEcho,768,396,384,384,16,fastmri_brain,
,file_brain_AXT2_201_2010472.h5,16,0,AXT2,Skyra,2.8936,20,TH,TurboSpinEcho,768,396,384,384,16,fastmri_brain,
,file_brain_AXT2_200_2000472.h5,16,0,AXT2,Skyra,2.8936,16,NYU,TurboSpinEcho,768,396,384,384,16,fastmri_brain,
,file_brain_AXT2_200_2000417.h5,16,0,AXT2,Skyra,2.8936,16,NYU,TurboSpinEcho,768,396,384,384,16,fastmri_brain,
,file_brain_AXT2_200_6002074.h5,16,0,AXT2,Skyra,2.8936,16,NYU LANGONE CBI,TurboSpinEcho,768,396,384,384,16,fastmri_brain,
,file_brain_AXT2_200_6002583.h5,16,0,AXT2,Skyra,2.8936,20,NYU LANGONE CBI,TurboSpinEcho,768,396,384,384,16,fastmri_brain,
,file_brain_AXT2_201_2010060.h5,16,0,AXT2,Skyra,2.8936,20,TH,TurboSpinEcho,768,396,384,384,16,fastmri_brain,
,file_brain_AXT2_200_6002154.h5,16,0,AXT2,Skyra,2.8936,20,NYU LANGONE CBI,TurboSpinEcho,768,396,384,384,16,fastmri_brain,
,file_brain_AXT2_200_2000132.h5,16,0,AXT2,Skyra,2.8936,16,NYU,TurboSpinEcho,768,396,384,384,16,fastmri_brain,
,file_brain_AXT2_200_6001978.h5,16,0,AXT2,Skyra,2.8936,16,NYU LANGONE CBI,TurboSpinEcho,768,396,384,384,16,fastmri_brain,
,file_brain_AXT2_201_2010553.h5,16,0,AXT2,Skyra,2.8936,20,TH,TurboSpinEcho,768,396,384,384,16,fastmri_brain,
,file_brain_AXT2_200_6002114.h5,16,0,AXT2,Skyra,2.8936,16,NYU LANGONE CBI,TurboSpinEcho,768,396,384,384,16,fastmri_brain,
,file_brain_AXT2_200_6002424.h5,16,0,AXT2,Skyra,2.8936,20,NYU LANGONE CBI,TurboSpinEcho,768,396,384,384,16,fastmri_brain,
,file_brain_AXT2_201_2010444.h5,16,0,AXT2,Skyra,2.8936,20,TH,TurboSpinEcho,768,396,384,384,16,fastmri_brain,
,file_brain_AXT2_201_2010406.h5,14,0,AXT2,Skyra,2.8936,20,TH,TurboSpinEcho,768,396,384,384,14,fastmri_brain,
,file_brain_AXT2_200_6002146.h5,16,0,AXT2,Skyra,2.8936,20,NYU LANGONE CBI,TurboSpinEcho,768,396,384,384,16,fastmri_brain,
,file_brain_AXT2_201_2010478.h5,16,0,AXT2,Skyra,2.8936,20,TH,TurboSpinEcho,768,396,384,384,16,fastmri_brain,
,file_brain_AXT2_200_6002367.h5,16,0,AXT2,Skyra,2.8936,20,NYU LANGONE CBI,TurboSpinEcho,768,396,384,384,16,fastmri_brain,
,file_brain_AXT2_200_6002375.h5,16,0,AXT2,Skyra,2.8936,16,NYU LANGONE CBI,TurboSpinEcho,768,396,384,384,16,fastmri_brain,
,file_brain_AXT2_200_2000074.h5,16,0,AXT2,Skyra,2.8936,16,NYU,TurboSpinEcho,768,396,384,384,16,fastmri_brain,
,file_brain_AXT2_200_6002255.h5,16,0,AXT2,Skyra,2.8936,16,NYU LANGONE CBI,TurboSpinEcho,768,396,384,384,16,fastmri_brain,
,file_brain_AXT2_200_2000203.h5,16,0,AXT2,Skyra,2.8936,20,NYU,TurboSpinEcho,768,396,384,384,16,fastmri_brain,
,file_brain_AXT2_201_2010434.h5,16,0,AXT2,Skyra,2.8936,16,TH,TurboSpinEcho,768,396,384,384,16,fastmri_brain,
,file_brain_AXT2_200_2000088.h5,16,0,AXT2,Skyra,2.8936,20,NYU,TurboSpinEcho,768,396,384,384,16,fastmri_brain,
,file_brain_AXT2_201_2010210.h5,16,0,AXT2,Skyra,2.8936,20,TH,TurboSpinEcho,768,396,384,384,16,fastmri_brain,
,file_brain_AXT2_210_2100399.h5,16,0,AXT2,Prisma_fit,2.8936,20,NYU,TurboSpinEcho,768,396,384,384,16,fastmri_brain,
,file_brain_AXT2_210_6001581.h5,16,0,AXT2,Prisma_fit,2.8936,20,NYU LANGONE CBI,TurboSpinEcho,768,396,384,384,16,fastmri_brain,
,file_brain_AXT2_210_6001737.h5,16,0,AXT2,Prisma_fit,2.8936,16,NYU LANGONE CBI,TurboSpinEcho,768,396,384,384,16,fastmri_brain,
,file_brain_AXT2_210_2100005.h5,16,0,AXT2,Prisma_fit,2.8936,16,NYU,TurboSpinEcho,768,396,384,384,16,fastmri_brain,
,file_brain_AXT2_210_2100375.h5,16,0,AXT2,Prisma_fit,2.8936,20,NYU,TurboSpinEcho,768,396,384,384,16,fastmri_brain,
,file_brain_AXT2_210_2100145.h5,16,0,AXT2,Prisma_fit,2.8936,20,NYU,TurboSpinEcho,768,396,384,384,16,fastmri_brain,
,file_brain_AXT2_210_2100136.h5,16,0,AXT2,Prisma_fit,2.8936,20,NYU,TurboSpinEcho,768,396,384,384,16,fastmri_brain,
,file_brain_AXT2_210_2100156.h5,16,0,AXT2,Prisma_fit,2.8936,16,NYU,TurboSpinEcho,768,396,384,384,16,fastmri_brain,
,file_brain_AXT2_210_2100235.h5,16,0,AXT2,Prisma_fit,2.8936,20,NYU,TurboSpinEcho,768,396,384,384,16,fastmri_brain,
,file_brain_AXT2_210_6001576.h5,16,0,AXT2,Prisma_fit,2.8936,20,NYU LANGONE CBI,TurboSpinEcho,768,396,384,384,16,fastmri_brain,
,file_brain_AXT2_210_2100241.h5,16,0,AXT2,Prisma_fit,2.8936,18,NYU,TurboSpinEcho,768,396,384,384,16,fastmri_brain,
,file_brain_AXT2_210_6001668.h5,16,0,AXT2,Prisma_fit,2.8936,16,NYU LANGONE CBI,TurboSpinEcho,768,396,384,384,16,fastmri_brain,
,file_brain_AXT2_210_6001945.h5,16,0,AXT2,Prisma_fit,2.8936,20,NYU LANGONE CBI,TurboSpinEcho,768,396,384,384,16,fastmri_brain,
,file_brain_AXT2_210_2100337.h5,16,0,AXT2,Prisma_fit,2.8936,16,NYU,TurboSpinEcho,768,396,384,384,16,fastmri_brain,
,file_brain_AXT2_210_2100293.h5,16,0,AXT2,Prisma_fit,2.8936,16,NYU,TurboSpinEcho,768,396,384,384,16,fastmri_brain,
,file_brain_AXT2_210_6001849.h5,16,0,AXT2,Prisma_fit,2.8936,16,NYU LANGONE CBI,TurboSpinEcho,768,396,384,384,16,fastmri_brain,
,file_brain_AXT2_210_6001808.h5,16,0,AXT2,Prisma_fit,2.8936,16,NYU LANGONE CBI,TurboSpinEcho,768,396,384,384,16,fastmri_brain,
,file_brain_AXT2_210_6001806.h5,16,0,AXT2,Prisma_fit,2.8936,20,NYU LANGONE CBI,TurboSpinEcho,768,396,384,384,16,fastmri_brain,
,file_brain_AXT2_210_6001784.h5,16,0,AXT2,Prisma_fit,2.8936,20,NYU LANGONE CBI,TurboSpinEcho,768,396,384,384,16,fastmri_brain,
,file_brain_AXT2_210_2100017.h5,16,0,AXT2,Prisma_fit,2.8936,16,NYU,TurboSpinEcho,768,396,384,384,16,fastmri_brain,
,file_brain_AXT2_210_6001605.h5,16,0,AXT2,Prisma_fit,2.8936,20,NYU LANGONE CBI,TurboSpinEcho,768,396,384,384,16,fastmri_brain,
,file_brain_AXT2_210_2100160.h5,16,0,AXT2,Prisma_fit,2.8936,16,NYU,TurboSpinEcho,768,396,384,384,16,fastmri_brain,
,file_brain_AXT2_210_2100004.h5,16,0,AXT2,Prisma_fit,2.8936,16,NYU,TurboSpinEcho,768,396,384,384,16,fastmri_brain,
,file_brain_AXT2_210_2100199.h5,16,0,AXT2,Prisma_fit,2.8936,16,NYU,TurboSpinEcho,768,396,384,384,16,fastmri_brain,
,file_brain_AXT2_210_6001752.h5,16,0,AXT2,Prisma_fit,2.8936,20,NYU LANGONE CBI,TurboSpinEcho,768,396,384,384,16,fastmri_brain,
,file_brain_AXT2_210_2100313.h5,16,0,AXT2,Prisma_fit,2.8936,20,NYU,TurboSpinEcho,768,396,384,384,16,fastmri_brain,
,file_brain_AXT2_210_2100165.h5,16,0,AXT2,Prisma_fit,2.8936,16,NYU,TurboSpinEcho,768,396,384,384,16,fastmri_brain,
,file_brain_AXT2_210_6001631.h5,16,0,AXT2,Prisma_fit,2.8936,16,NYU LANGONE CBI,TurboSpinEcho,768,396,384,384,16,fastmri_brain,
,file_brain_AXT2_210_2100084.h5,16,0,AXT2,Prisma_fit,2.8936,20,NYU,TurboSpinEcho,768,396,384,384,16,fastmri_brain,
,file_brain_AXT2_210_6001694.h5,16,0,AXT2,Prisma_fit,2.8936,20,NYU LANGONE CBI,TurboSpinEcho,768,396,384,384,16,fastmri_brain,
,file_brain_AXT2_210_2100332.h5,16,0,AXT2,Prisma_fit,2.8936,16,NYU,TurboSpinEcho,768,396,384,384,16,fastmri_brain,
,file_brain_AXT2_210_6001765.h5,16,0,AXT2,Prisma_fit,2.8936,20,NYU LANGONE CBI,TurboSpinEcho,768,396,384,384,16,fastmri_brain,
,file_brain_AXT2_210_6001651.h5,16,0,AXT2,Prisma_fit,2.8936,16,NYU LANGONE CBI,TurboSpinEcho,768,396,384,384,16,fastmri_brain,
,file_brain_AXT2_210_2100064.h5,16,0,AXT2,Prisma_fit,2.8936,16,NYU,TurboSpinEcho,768,396,384,384,16,fastmri_brain,
,file_brain_AXT2_210_2100077.h5,16,0,AXT2,Prisma_fit,2.8936,20,NYU,TurboSpinEcho,768,396,384,384,16,fastmri_brain,
,file_brain_AXT2_210_6001633.h5,14,0,AXT2,Prisma_fit,2.8936,16,NYU LANGONE CBI,TurboSpinEcho,768,396,384,384,14,fastmri_brain,
,file_brain_AXT2_210_2100222.h5,16,0,AXT2,Prisma_fit,2.8936,20,NYU,TurboSpinEcho,768,396,384,384,16,fastmri_brain,
,file_brain_AXT2_210_2100301.h5,16,0,AXT2,Prisma_fit,2.8936,16,NYU,TurboSpinEcho,768,396,384,384,16,fastmri_brain,
,file_brain_AXT2_210_6001588.h5,16,0,AXT2,Prisma_fit,2.8936,16,NYU LANGONE CBI,TurboSpinEcho,768,396,384,384,16,fastmri_brain,
,file_brain_AXT2_210_6001929.h5,16,0,AXT2,Prisma_fit,2.8936,20,NYU LANGONE CBI,TurboSpinEcho,768,396,384,384,16,fastmri_brain,
,file_brain_AXT2_210_2100275.h5,16,0,AXT2,Prisma_fit,2.8936,20,NYU,TurboSpinEcho,768,396,384,384,16,fastmri_brain,
,file_brain_AXT2_210_6001558.h5,16,0,AXT2,Prisma_fit,2.8936,20,NYU LANGONE CBI,TurboSpinEcho,768,396,384,384,16,fastmri_brain,
,file_brain_AXT2_210_6001783.h5,16,0,AXT2,Prisma_fit,2.8936,12,NYU LANGONE CBI,TurboSpinEcho,768,396,384,384,16,fastmri_brain,
,file_brain_AXT2_210_2100341.h5,16,0,AXT2,Prisma_fit,2.8936,16,NYU,TurboSpinEcho,768,396,384,384,16,fastmri_brain,
,file_brain_AXT2_210_6001658.h5,16,0,AXT2,Prisma_fit,2.8936,16,NYU LANGONE CBI,TurboSpinEcho,768,396,384,384,16,fastmri_brain,
,file_brain_AXT2_210_6001666.h5,16,0,AXT2,Prisma_fit,2.8936,16,NYU LANGONE CBI,TurboSpinEcho,768,396,384,384,16,fastmri_brain,
,file_brain_AXT2_210_6001904.h5,16,0,AXT2,Prisma_fit,2.8936,16,NYU LANGONE CBI,TurboSpinEcho,768,396,384,384,16,fastmri_brain,
,file_brain_AXT2_210_2100070.h5,16,0,AXT2,Prisma_fit,2.8936,20,NYU,TurboSpinEcho,768,396,384,384,16,fastmri_brain,
,file_brain_AXT2_210_2100415.h5,16,0,AXT2,Prisma_fit,2.8936,16,NYU,TurboSpinEcho,768,396,384,384,16,fastmri_brain,
,file_brain_AXT2_210_6001488.h5,16,0,AXT2,Prisma_fit,2.8936,20,NYU LANGONE CBI,TurboSpinEcho,768,396,384,384,16,fastmri_brain,
,file_brain_AXT2_210_2100095.h5,16,0,AXT2,Prisma_fit,2.8936,18,NYU,TurboSpinEcho,768,396,384,384,16,fastmri_brain,
,file_brain_AXT2_210_2100276.h5,16,0,AXT2,Prisma_fit,2.8936,20,NYU,TurboSpinEcho,768,396,384,384,16,fastmri_brain,
,file_brain_AXT2_210_6001663.h5,16,0,AXT2,Prisma_fit,2.8936,16,NYU LANGONE CBI,TurboSpinEcho,768,396,384,384,16,fastmri_brain,
,file_brain_AXT2_210_2100365.h5,16,0,AXT2,Prisma_fit,2.8936,20,NYU,TurboSpinEcho,768,396,384,384,16,fastmri_brain,
,file_brain_AXT2_210_6001731.h5,16,0,AXT2,Prisma_fit,2.8936,16,NYU LANGONE CBI,TurboSpinEcho,768,396,384,384,16,fastmri_brain,
,file_brain_AXT2_210_6001886.h5,16,0,AXT2,Prisma_fit,2.8936,20,NYU LANGONE CBI,TurboSpinEcho,768,396,384,384,16,fastmri_brain,
,file_brain_AXT2_210_6001933.h5,16,0,AXT2,Prisma_fit,2.8936,20,NYU LANGONE CBI,TurboSpinEcho,768,396,384,384,16,fastmri_brain,
,file_brain_AXT2_210_2100174.h5,16,0,AXT2,Prisma_fit,2.8936,16,NYU,TurboSpinEcho,768,396,384,384,16,fastmri_brain,
,file_brain_AXT2_210_6001883.h5,16,0,AXT2,Prisma_fit,2.8936,20,NYU LANGONE CBI,TurboSpinEcho,768,396,384,384,16,fastmri_brain,
,file_brain_AXT2_210_6001935.h5,16,0,AXT2,Prisma_fit,2.8936,16,NYU LANGONE CBI,TurboSpinEcho,768,396,384,384,16,fastmri_brain,
,file_brain_AXT2_210_2100181.h5,16,0,AXT2,Prisma_fit,2.8936,20,NYU,TurboSpinEcho,768,396,384,384,16,fastmri_brain,
,file_brain_AXT2_210_2100361.h5,16,0,AXT2,Prisma_fit,2.8936,20,NYU,TurboSpinEcho,768,396,384,384,16,fastmri_brain,
,file_brain_AXT2_210_2100142.h5,16,0,AXT2,Prisma_fit,2.8936,20,NYU,TurboSpinEcho,768,396,384,384,16,fastmri_brain,
,file_brain_AXT2_210_6001673.h5,16,0,AXT2,Prisma_fit,2.8936,16,NYU LANGONE CBI,TurboSpinEcho,768,396,384,384,16,fastmri_brain,
,file_brain_AXT2_210_6001616.h5,16,0,AXT2,Prisma_fit,2.8936,16,NYU LANGONE CBI,TurboSpinEcho,768,396,384,384,16,fastmri_brain,
,file_brain_AXT2_210_2100233.h5,16,0,AXT2,Prisma_fit,2.8936,20,NYU,TurboSpinEcho,768,396,384,384,16,fastmri_brain,
,file_brain_AXT2_210_6001814.h5,16,0,AXT2,Prisma_fit,2.8936,20,NYU LANGONE CBI,TurboSpinEcho,768,396,384,384,16,fastmri_brain,
,file_brain_AXT2_210_2100080.h5,16,0,AXT2,Prisma_fit,2.8936,16,NYU,TurboSpinEcho,768,396,384,384,16,fastmri_brain,
,file_brain_AXT2_210_6001612.h5,16,0,AXT2,Prisma_fit,2.8936,16,NYU LANGONE CBI,TurboSpinEcho,768,396,384,384,16,fastmri_brain,
,file_brain_AXT2_210_2100220.h5,14,0,AXT2,Prisma_fit,2.8936,20,NYU,TurboSpinEcho,768,396,384,384,14,fastmri_brain,
,file_brain_AXT2_210_2100075.h5,16,0,AXT2,Prisma_fit,2.8936,20,NYU,TurboSpinEcho,768,396,384,384,16,fastmri_brain,
,file_brain_AXT2_210_2100339.h5,16,0,AXT2,Prisma_fit,2.8936,16,NYU,TurboSpinEcho,768,396,384,384,16,fastmri_brain,
,file_brain_AXT2_210_2100016.h5,16,0,AXT2,Prisma_fit,2.8936,16,NYU,TurboSpinEcho,768,396,384,384,16,fastmri_brain,
,file_brain_AXT2_210_2100387.h5,16,0,AXT2,Prisma_fit,2.8936,16,NYU,TurboSpinEcho,768,396,384,384,16,fastmri_brain,
,file_brain_AXT2_210_6001527.h5,16,0,AXT2,Prisma_fit,2.8936,16,NYU LANGONE CBI,TurboSpinEcho,768,396,384,384,16,fastmri_brain,
,file_brain_AXT2_210_6001586.h5,16,0,AXT2,Prisma_fit,2.8936,16,NYU LANGONE CBI,TurboSpinEcho,768,396,384,384,16,fastmri_brain,
,file_brain_AXT2_210_6001532.h5,16,0,AXT2,Prisma_fit,2.8936,20,NYU LANGONE CBI,TurboSpinEcho,768,396,384,384,16,fastmri_brain,
,file_brain_AXT2_210_6001571.h5,16,0,AXT2,Prisma_fit,2.8936,16,NYU LANGONE CBI,TurboSpinEcho,768,396,384,384,16,fastmri_brain,
,file_brain_AXT2_210_6001898.h5,16,0,AXT2,Prisma_fit,2.8936,16,NYU LANGONE CBI,TurboSpinEcho,768,396,384,384,16,fastmri_brain,
,file_brain_AXT2_210_2100311.h5,16,0,AXT2,Prisma_fit,2.8936,20,NYU,TurboSpinEcho,768,396,384,384,16,fastmri_brain,
,file_brain_AXT2_210_2100221.h5,16,0,AXT2,Prisma_fit,2.8936,20,NYU,TurboSpinEcho,768,396,384,384,16,fastmri_brain,
,file_brain_AXT2_210_2100351.h5,16,0,AXT2,Prisma_fit,2.8936,16,NYU,TurboSpinEcho,768,396,384,384,16,fastmri_brain,
,file_brain_AXT2_210_2100302.h5,16,0,AXT2,Prisma_fit,2.8936,16,NYU,TurboSpinEcho,768,396,384,384,16,fastmri_brain,
,file_brain_AXT2_210_6001928.h5,14,0,AXT2,Prisma_fit,2.8936,20,NYU LANGONE CBI,TurboSpinEcho,768,396,384,384,14,fastmri_brain,
,file_brain_AXT2_210_2100099.h5,16,0,AXT2,Prisma_fit,2.8936,16,NYU,TurboSpinEcho,768,396,384,384,16,fastmri_brain,
,file_brain_AXT2_210_6001536.h5,16,0,AXT2,Prisma_fit,2.8936,20,NYU LANGONE CBI,TurboSpinEcho,768,396,384,384,16,fastmri_brain,
,file_brain_AXT2_210_2100188.h5,16,0,AXT2,Prisma_fit,2.8936,20,NYU,TurboSpinEcho,768,396,384,384,16,fastmri_brain,
,file_brain_AXT2_210_6001913.h5,16,0,AXT2,Prisma_fit,2.8936,20,NYU LANGONE CBI,TurboSpinEcho,768,396,384,384,16,fastmri_brain,
,file_brain_AXT2_210_6001506.h5,16,0,AXT2,Prisma_fit,2.8936,20,NYU LANGONE CBI,TurboSpinEcho,768,396,384,384,16,fastmri_brain,
,file_brain_AXT2_210_2100384.h5,16,0,AXT2,Prisma_fit,2.8936,20,NYU,TurboSpinEcho,768,396,384,384,16,fastmri_brain,
,file_brain_AXT2_210_2100037.h5,16,0,AXT2,Prisma_fit,2.8936,16,NYU,TurboSpinEcho,768,396,384,384,16,fastmri_brain,
,file_brain_AXT2_210_2100260.h5,16,0,AXT2,Prisma_fit,2.8936,16,NYU,TurboSpinEcho,768,396,384,384,16,fastmri_brain,
,file_brain_AXT2_210_6001778.h5,16,0,AXT2,Prisma_fit,2.8936,16,NYU LANGONE CBI,TurboSpinEcho,768,396,384,384,16,fastmri_brain,
,file_brain_AXT2_210_2100244.h5,16,0,AXT2,Prisma_fit,2.8936,16,NYU,TurboSpinEcho,768,396,384,384,16,fastmri_brain,
,file_brain_AXT2_210_6001859.h5,16,0,AXT2,Prisma_fit,2.8936,20,NYU LANGONE CBI,TurboSpinEcho,768,396,384,384,16,fastmri_brain,
,file_brain_AXT2_210_2100114.h5,16,0,AXT2,Prisma_fit,2.8936,16,NYU,TurboSpinEcho,768,396,384,384,16,fastmri_brain,
,file_brain_AXT2_210_2100007.h5,16,0,AXT2,Prisma_fit,2.8936,16,NYU,TurboSpinEcho,768,396,384,384,16,fastmri_brain,
,file_brain_AXT2_210_2100117.h5,16,0,AXT2,Prisma_fit,2.8936,16,NYU,TurboSpinEcho,768,396,384,384,16,fastmri_brain,
,file_brain_AXT2_210_2100046.h5,16,0,AXT2,Prisma_fit,2.8936,16,NYU,TurboSpinEcho,768,396,384,384,16,fastmri_brain,
,file_brain_AXT2_210_6001728.h5,16,0,AXT2,Prisma_fit,2.8936,16,NYU LANGONE CBI,TurboSpinEcho,768,396,384,384,16,fastmri_brain,
,file_brain_AXT2_210_2100062.h5,16,0,AXT2,Prisma_fit,2.8936,16,NYU,TurboSpinEcho,768,396,384,384,16,fastmri_brain,
,file_brain_AXT2_210_6001493.h5,16,0,AXT2,Prisma_fit,2.8936,20,NYU LANGONE CBI,TurboSpinEcho,768,396,384,384,16,fastmri_brain,
,file_brain_AXT2_210_2100377.h5,16,0,AXT2,Prisma_fit,2.8936,16,NYU,TurboSpinEcho,768,396,384,384,16,fastmri_brain,
,file_brain_AXT2_210_6001574.h5,16,0,AXT2,Prisma_fit,2.8936,20,NYU LANGONE CBI,TurboSpinEcho,768,396,384,384,16,fastmri_brain,
,file_brain_AXT2_210_6001786.h5,16,0,AXT2,Prisma_fit,2.8936,20,NYU LANGONE CBI,TurboSpinEcho,768,396,384,384,16,fastmri_brain,
,file_brain_AXT2_210_2100083.h5,16,0,AXT2,Prisma_fit,2.8936,20,NYU,TurboSpinEcho,768,396,384,384,16,fastmri_brain,
,file_brain_AXT2_210_6001628.h5,16,0,AXT2,Prisma_fit,2.8936,16,NYU LANGONE CBI,TurboSpinEcho,768,396,384,384,16,fastmri_brain,
,file_brain_AXT2_210_6001518.h5,16,0,AXT2,Prisma_fit,2.8936,16,NYU LANGONE CBI,TurboSpinEcho,768,396,384,384,16,fastmri_brain,
,file_brain_AXT2_210_6001550.h5,16,0,AXT2,Prisma_fit,2.8936,16,NYU LANGONE CBI,TurboSpinEcho,768,396,384,384,16,fastmri_brain,
,file_brain_AXT2_210_6001840.h5,16,0,AXT2,Prisma_fit,2.8936,16,NYU LANGONE CBI,TurboSpinEcho,768,396,384,384,16,fastmri_brain,
,file_brain_AXT2_210_2100247.h5,16,0,AXT2,Prisma_fit,2.8936,16,NYU,TurboSpinEcho,768,396,384,384,16,fastmri_brain,
,file_brain_AXT2_210_6001878.h5,16,0,AXT2,Prisma_fit,2.8936,20,NYU LANGONE CBI,TurboSpinEcho,768,396,384,384,16,fastmri_brain,
,file_brain_AXT2_210_2100234.h5,16,0,AXT2,Prisma_fit,2.8936,20,NYU,TurboSpinEcho,768,396,384,384,16,fastmri_brain,
,file_brain_AXT2_210_2100140.h5,16,0,AXT2,Prisma_fit,2.8936,16,NYU,TurboSpinEcho,768,396,384,384,16,fastmri_brain,
,file_brain_AXT2_210_2100052.h5,16,0,AXT2,Prisma_fit,2.8936,16,NYU,TurboSpinEcho,768,396,384,384,16,fastmri_brain,
,file_brain_AXT2_210_2100283.h5,16,0,AXT2,Prisma_fit,2.8936,20,NYU,TurboSpinEcho,768,396,384,384,16,fastmri_brain,
,file_brain_AXT2_210_6001490.h5,16,0,AXT2,Prisma_fit,2.8936,16,NYU LANGONE CBI,TurboSpinEcho,768,396,384,384,16,fastmri_brain,
,file_brain_AXT2_210_6001854.h5,16,0,AXT2,Prisma_fit,2.8936,20,NYU LANGONE CBI,TurboSpinEcho,768,396,384,384,16,fastmri_brain,
,file_brain_AXT2_210_2100041.h5,16,0,AXT2,Prisma_fit,2.8936,16,NYU,TurboSpinEcho,768,396,384,384,16,fastmri_brain,
,file_brain_AXT2_210_6001941.h5,16,0,AXT2,Prisma_fit,2.8936,20,NYU LANGONE CBI,TurboSpinEcho,768,396,384,384,16,fastmri_brain,
,file_brain_AXT2_210_2100146.h5,16,0,AXT2,Prisma_fit,2.8936,20,NYU,TurboSpinEcho,768,396,384,384,16,fastmri_brain,
,file_brain_AXT2_210_6001549.h5,16,0,AXT2,Prisma_fit,2.8936,16,NYU LANGONE CBI,TurboSpinEcho,768,396,384,384,16,fastmri_brain,
,file_brain_AXT2_210_6001956.h5,16,0,AXT2,Prisma_fit,2.8936,16,NYU LANGONE CBI,TurboSpinEcho,768,396,384,384,16,fastmri_brain,
,file_brain_AXT2_210_6001757.h5,16,0,AXT2,Prisma_fit,2.8936,16,NYU LANGONE CBI,TurboSpinEcho,768,396,384,384,16,fastmri_brain,
,file_brain_AXT2_210_2100201.h5,16,0,AXT2,Prisma_fit,2.8936,16,NYU,TurboSpinEcho,768,396,384,384,16,fastmri_brain,
,file_brain_AXT2_210_6001491.h5,16,0,AXT2,Prisma_fit,2.8936,20,NYU LANGONE CBI,TurboSpinEcho,768,396,384,384,16,fastmri_brain,
,file_brain_AXT2_210_2100368.h5,16,0,AXT2,Prisma_fit,2.8936,20,NYU,TurboSpinEcho,768,396,384,384,16,fastmri_brain,
,file_brain_AXT2_210_6001954.h5,16,0,AXT2,Prisma_fit,2.8936,20,NYU LANGONE CBI,TurboSpinEcho,768,396,384,384,16,fastmri_brain,
,file_brain_AXT2_209_6001380.h5,16,0,AXT2,Biograph_mMR,2.8936,14,NYU LANGONE CBI,TurboSpinEcho,768,396,384,384,16,fastmri_brain,
,file_brain_AXT2_209_2090137.h5,16,0,AXT2,Biograph_mMR,2.8936,16,NYU,TurboSpinEcho,768,396,384,384,16,fastmri_brain,
,file_brain_AXT2_209_6001163.h5,16,0,AXT2,Biograph_mMR,2.8936,12,NYU LANGONE CBI,TurboSpinEcho,768,396,384,384,16,fastmri_brain,
,file_brain_AXT2_209_6001312.h5,16,0,AXT2,Biograph_mMR,2.8936,16,NYU LANGONE CBI,TurboSpinEcho,768,396,384,384,16,fastmri_brain,
,file_brain_AXT2_209_6001137.h5,16,0,AXT2,Biograph_mMR,2.8936,14,NYU LANGONE CBI,TurboSpinEcho,768,396,384,384,16,fastmri_brain,
,file_brain_AXT2_209_6001385.h5,16,0,AXT2,Biograph_mMR,2.8936,16,NYU LANGONE CBI,TurboSpinEcho,768,396,384,384,16,fastmri_brain,
,file_brain_AXT2_209_6001256.h5,16,0,AXT2,Biograph_mMR,2.8936,14,NYU LANGONE CBI,TurboSpinEcho,768,396,384,384,16,fastmri_brain,
,file_brain_AXT2_209_2090239.h5,16,0,AXT2,Biograph_mMR,2.8936,16,NYU,TurboSpinEcho,768,396,384,384,16,fastmri_brain,
,file_brain_AXT2_209_6001162.h5,16,0,AXT2,Biograph_mMR,2.8936,12,NYU LANGONE CBI,TurboSpinEcho,768,396,384,384,16,fastmri_brain,
,file_brain_AXT2_209_2090261.h5,16,0,AXT2,Biograph_mMR,2.8936,14,NYU,TurboSpinEcho,768,396,384,384,16,fastmri_brain,
,file_brain_AXT2_209_6001266.h5,16,0,AXT2,Biograph_mMR,2.8936,12,NYU LANGONE CBI,TurboSpinEcho,768,396,384,384,16,fastmri_brain,
,file_brain_AXT2_209_6001082.h5,16,0,AXT2,Biograph_mMR,2.8936,16,NYU LANGONE CBI,TurboSpinEcho,768,396,384,384,16,fastmri_brain,
,file_brain_AXT2_209_6001403.h5,16,0,AXT2,Biograph_mMR,2.8936,12,NYU LANGONE CBI,TurboSpinEcho,768,396,384,384,16,fastmri_brain,
,file_brain_AXT2_209_2090013.h5,16,0,AXT2,Biograph_mMR,2.8936,14,NYU,TurboSpinEcho,768,396,384,384,16,fastmri_brain,
,file_brain_AXT2_209_2090133.h5,16,0,AXT2,Biograph_mMR,2.8936,12,NYU,TurboSpinEcho,768,396,384,384,16,fastmri_brain,
,file_brain_AXT2_209_6001251.h5,16,0,AXT2,Biograph_mMR,2.8936,12,NYU LANGONE CBI,TurboSpinEcho,768,396,384,384,16,fastmri_brain,
,file_brain_AXT2_209_2090290.h5,16,0,AXT2,Biograph_mMR,2.8936,14,NYU,TurboSpinEcho,768,396,384,384,16,fastmri_brain,
,file_brain_AXT2_209_2090040.h5,16,0,AXT2,Biograph_mMR,2.8936,12,NYU,TurboSpinEcho,768,396,384,384,16,fastmri_brain,
,file_brain_AXT2_209_2090207.h5,16,0,AXT2,Biograph_mMR,2.8936,14,NYU,TurboSpinEcho,768,396,384,384,16,fastmri_brain,
,file_brain_AXT2_209_6001003.h5,14,0,AXT2,Biograph_mMR,2.8936,16,NYU LANGONE CBI,TurboSpinEcho,768,396,384,384,14,fastmri_brain,
,file_brain_AXT2_209_2090051.h5,16,0,AXT2,Biograph_mMR,2.8936,12,NYU,TurboSpinEcho,768,396,384,384,16,fastmri_brain,
,file_brain_AXT2_209_6001398.h5,16,0,AXT2,Biograph_mMR,2.8936,14,NYU LANGONE CBI,TurboSpinEcho,768,396,384,384,16,fastmri_brain,
,file_brain_AXT2_209_6001323.h5,16,0,AXT2,Biograph_mMR,2.8936,12,NYU LANGONE CBI,TurboSpinEcho,768,396,384,384,16,fastmri_brain,
,file_brain_AXT2_209_2090215.h5,16,0,AXT2,Biograph_mMR,2.8936,16,NYU,TurboSpinEcho,768,396,384,384,16,fastmri_brain,
,file_brain_AXT2_209_2090305.h5,16,0,AXT2,Biograph_mMR,2.8936,14,NYU,TurboSpinEcho,768,396,384,384,16,fastmri_brain,
,file_brain_AXT2_209_2090113.h5,16,0,AXT2,Biograph_mMR,2.8936,12,NYU,TurboSpinEcho,768,396,384,384,16,fastmri_brain,
,file_brain_AXT2_209_2090389.h5,16,0,AXT2,Biograph_mMR,2.8936,16,NYU,TurboSpinEcho,768,396,384,384,16,fastmri_brain,
,file_brain_AXT2_209_2090088.h5,16,0,AXT2,Biograph_mMR,2.8936,14,NYU,TurboSpinEcho,768,396,384,384,16,fastmri_brain,
,file_brain_AXT2_209_6001373.h5,16,0,AXT2,Biograph_mMR,2.8936,14,NYU LANGONE CBI,TurboSpinEcho,768,396,384,384,16,fastmri_brain,
,file_brain_AXT2_209_6001367.h5,14,0,AXT2,Biograph_mMR,2.8936,12,NYU LANGONE CBI,TurboSpinEcho,768,396,384,384,14,fastmri_brain,
,file_brain_AXT2_209_2090062.h5,16,0,AXT2,Biograph_mMR,2.8936,14,NYU,TurboSpinEcho,768,396,384,384,16,fastmri_brain,
,file_brain_AXT2_209_6001453.h5,16,0,AXT2,Biograph_mMR,2.8936,14,NYU LANGONE CBI,TurboSpinEcho,768,396,384,384,16,fastmri_brain,
,file_brain_AXT2_209_6001304.h5,14,0,AXT2,Biograph_mMR,2.8936,16,NYU LANGONE CBI,TurboSpinEcho,768,396,384,384,14,fastmri_brain,
,file_brain_AXT2_209_2090354.h5,14,0,AXT2,Biograph_mMR,2.8936,16,NYU,TurboSpinEcho,768,396,384,384,14,fastmri_brain,
,file_brain_AXT2_209_2090300.h5,16,0,AXT2,Biograph_mMR,2.8936,12,NYU,TurboSpinEcho,768,396,384,384,16,fastmri_brain,
,file_brain_AXT2_209_2090200.h5,16,0,AXT2,Biograph_mMR,2.8936,12,NYU,TurboSpinEcho,768,396,384,384,16,fastmri_brain,
,file_brain_AXT2_209_6001442.h5,16,0,AXT2,Biograph_mMR,2.8936,12,NYU LANGONE CBI,TurboSpinEcho,768,396,384,384,16,fastmri_brain,
,file_brain_AXT2_209_2090163.h5,16,0,AXT2,Biograph_mMR,2.8936,14,NYU,TurboSpinEcho,768,396,384,384,16,fastmri_brain,
,file_brain_AXT2_209_2090390.h5,16,0,AXT2,Biograph_mMR,2.8936,16,NYU,TurboSpinEcho,768,396,384,384,16,fastmri_brain,
,file_brain_AXT2_209_6001025.h5,16,0,AXT2,Biograph_mMR,2.8936,14,NYU LANGONE CBI,TurboSpinEcho,768,396,384,384,16,fastmri_brain,
,file_brain_AXT2_209_6000972.h5,16,0,AXT2,Biograph_mMR,2.8936,16,NYU LANGONE CBI,TurboSpinEcho,768,396,384,384,16,fastmri_brain,
,file_brain_AXT2_209_6001099.h5,16,0,AXT2,Biograph_mMR,2.8936,16,NYU LANGONE CBI,TurboSpinEcho,768,396,384,384,16,fastmri_brain,
,file_brain_AXT2_209_6001307.h5,16,0,AXT2,Biograph_mMR,2.8936,14,NYU LANGONE CBI,TurboSpinEcho,768,396,384,384,16,fastmri_brain,
,file_brain_AXT2_209_6001129.h5,16,0,AXT2,Biograph_mMR,2.8936,16,NYU LANGONE CBI,TurboSpinEcho,768,396,384,384,16,fastmri_brain,
,file_brain_AXT2_209_6001432.h5,16,0,AXT2,Biograph_mMR,2.8936,12,NYU LANGONE CBI,TurboSpinEcho,768,396,384,384,16,fastmri_brain,
,file_brain_AXT2_209_2090230.h5,14,0,AXT2,Biograph_mMR,2.8936,14,NYU,TurboSpinEcho,768,396,384,384,14,fastmri_brain,
,file_brain_AXT2_209_2090146.h5,16,0,AXT2,Biograph_mMR,2.8936,14,NYU,TurboSpinEcho,768,396,384,384,16,fastmri_brain,
,file_brain_AXT2_209_6001387.h5,16,0,AXT2,Biograph_mMR,2.8936,16,NYU LANGONE CBI,TurboSpinEcho,768,396,384,384,16,fastmri_brain,
,file_brain_AXT2_209_6001093.h5,16,0,AXT2,Biograph_mMR,2.8936,12,NYU LANGONE CBI,TurboSpinEcho,768,396,384,384,16,fastmri_brain,
,file_brain_AXT2_209_2090069.h5,16,0,AXT2,Biograph_mMR,2.8936,14,NYU,TurboSpinEcho,768,396,384,384,16,fastmri_brain,
,file_brain_AXT2_209_6001214.h5,16,0,AXT2,Biograph_mMR,2.8936,12,NYU LANGONE CBI,TurboSpinEcho,768,396,384,384,16,fastmri_brain,
,file_brain_AXT2_209_6001076.h5,16,0,AXT2,Biograph_mMR,2.8936,14,NYU LANGONE CBI,TurboSpinEcho,768,396,384,384,16,fastmri_brain,
,file_brain_AXT2_209_6001000.h5,16,0,AXT2,Biograph_mMR,2.8936,14,NYU LANGONE CBI,TurboSpinEcho,768,396,384,384,16,fastmri_brain,
,file_brain_AXT2_209_2090171.h5,16,0,AXT2,Biograph_mMR,2.8936,16,NYU,TurboSpinEcho,768,396,384,384,16,fastmri_brain,
,file_brain_AXT2_209_6001013.h5,16,0,AXT2,Biograph_mMR,2.8936,14,NYU LANGONE CBI,TurboSpinEcho,768,396,384,384,16,fastmri_brain,
,file_brain_AXT2_209_2090189.h5,16,0,AXT2,Biograph_mMR,2.8936,14,NYU,TurboSpinEcho,768,396,384,384,16,fastmri_brain,
,file_brain_AXT2_209_6001217.h5,16,0,AXT2,Biograph_mMR,2.8936,12,NYU LANGONE CBI,TurboSpinEcho,768,396,384,384,16,fastmri_brain,
,file_brain_AXT2_209_6001233.h5,16,0,AXT2,Biograph_mMR,2.8936,12,NYU LANGONE CBI,TurboSpinEcho,768,396,384,384,16,fastmri_brain,
,file_brain_AXT2_209_6001333.h5,16,0,AXT2,Biograph_mMR,2.8936,12,NYU LANGONE CBI,TurboSpinEcho,768,396,384,384,16,fastmri_brain,
,file_brain_AXT2_209_2090054.h5,16,0,AXT2,Biograph_mMR,2.8936,14,NYU,TurboSpinEcho,768,396,384,384,16,fastmri_brain,
,file_brain_AXT2_209_6001316.h5,16,0,AXT2,Biograph_mMR,2.8936,12,NYU LANGONE CBI,TurboSpinEcho,768,396,384,384,16,fastmri_brain,
,file_brain_AXT2_209_6001420.h5,16,0,AXT2,Biograph_mMR,2.8936,14,NYU LANGONE CBI,TurboSpinEcho,768,396,384,384,16,fastmri_brain,
,file_brain_AXT2_209_2090333.h5,16,0,AXT2,Biograph_mMR,2.8936,14,NYU,TurboSpinEcho,768,396,384,384,16,fastmri_brain,
,file_brain_AXT2_209_2090254.h5,16,0,AXT2,Biograph_mMR,2.8936,16,NYU,TurboSpinEcho,768,396,384,384,16,fastmri_brain,
,file_brain_AXT2_209_6001017.h5,14,0,AXT2,Biograph_mMR,2.8936,14,NYU LANGONE CBI,TurboSpinEcho,768,396,384,384,14,fastmri_brain,
,file_brain_AXT2_209_2090102.h5,16,0,AXT2,Biograph_mMR,2.8936,12,NYU,TurboSpinEcho,768,396,384,384,16,fastmri_brain,
,file_brain_AXT2_209_2090185.h5,16,0,AXT2,Biograph_mMR,2.8936,14,NYU,TurboSpinEcho,768,396,384,384,16,fastmri_brain,
,file_brain_AXT2_209_6001353.h5,16,0,AXT2,Biograph_mMR,2.8936,14,NYU LANGONE CBI,TurboSpinEcho,768,396,384,384,16,fastmri_brain,
,file_brain_AXT2_209_6001414.h5,16,0,AXT2,Biograph_mMR,2.8936,14,NYU LANGONE CBI,TurboSpinEcho,768,396,384,384,16,fastmri_brain,
,file_brain_AXT2_209_2090392.h5,16,0,AXT2,Biograph_mMR,2.8936,14,NYU,TurboSpinEcho,768,396,384,384,16,fastmri_brain,
,file_brain_AXT2_209_6001201.h5,16,0,AXT2,Biograph_mMR,2.8936,14,NYU LANGONE CBI,TurboSpinEcho,768,396,384,384,16,fastmri_brain,
,file_brain_AXT2_209_2090096.h5,16,0,AXT2,Biograph_mMR,2.8936,12,NYU,TurboSpinEcho,768,396,384,384,16,fastmri_brain,
,file_brain_AXT2_209_2090298.h5,16,0,AXT2,Biograph_mMR,2.8936,12,NYU,TurboSpinEcho,768,396,384,384,16,fastmri_brain,
,file_brain_AXT2_209_2090082.h5,16,0,AXT2,Biograph_mMR,2.8936,12,NYU,TurboSpinEcho,768,396,384,384,16,fastmri_brain,
,file_brain_AXT2_209_6001117.h5,16,0,AXT2,Biograph_mMR,2.8936,14,NYU LANGONE CBI,TurboSpinEcho,768,396,384,384,16,fastmri_brain,
,file_brain_AXT2_209_2090337.h5,16,0,AXT2,Biograph_mMR,2.8936,14,NYU,TurboSpinEcho,768,396,384,384,16,fastmri_brain,
,file_brain_AXT2_209_2090243.h5,16,0,AXT2,Biograph_mMR,2.8936,14,NYU,TurboSpinEcho,768,396,384,384,16,fastmri_brain,
,file_brain_AXT2_209_6001132.h5,14,0,AXT2,Biograph_mMR,2.8936,14,NYU LANGONE CBI,TurboSpinEcho,768,396,384,384,14,fastmri_brain,
,file_brain_AXT2_209_6001113.h5,16,0,AXT2,Biograph_mMR,2.8936,12,NYU LANGONE CBI,TurboSpinEcho,768,396,384,384,16,fastmri_brain,
,file_brain_AXT2_209_6001080.h5,16,0,AXT2,Biograph_mMR,2.8936,14,NYU LANGONE CBI,TurboSpinEcho,768,396,384,384,16,fastmri_brain,
,file_brain_AXT2_209_6001226.h5,16,0,AXT2,Biograph_mMR,2.8936,12,NYU LANGONE CBI,TurboSpinEcho,768,396,384,384,16,fastmri_brain,
,file_brain_AXT2_209_6001223.h5,16,0,AXT2,Biograph_mMR,2.8936,12,NYU LANGONE CBI,TurboSpinEcho,768,396,384,384,16,fastmri_brain,
,file_brain_AXT2_209_2090307.h5,16,0,AXT2,Biograph_mMR,2.8936,14,NYU,TurboSpinEcho,768,396,384,384,16,fastmri_brain,
,file_brain_AXT2_209_6001461.h5,16,0,AXT2,Biograph_mMR,2.8936,12,NYU LANGONE CBI,TurboSpinEcho,768,396,384,384,16,fastmri_brain,
,file_brain_AXT2_209_2090196.h5,16,0,AXT2,Biograph_mMR,2.8936,14,NYU,TurboSpinEcho,768,396,384,384,16,fastmri_brain,
,file_brain_AXT2_209_2090313.h5,16,0,AXT2,Biograph_mMR,2.8936,14,NYU,TurboSpinEcho,768,396,384,384,16,fastmri_brain,
,file_brain_AXT2_209_2090377.h5,16,0,AXT2,Biograph_mMR,2.8936,12,NYU,TurboSpinEcho,768,396,384,384,16,fastmri_brain,
,file_brain_AXT2_209_2090122.h5,16,0,AXT2,Biograph_mMR,2.8936,16,NYU,TurboSpinEcho,768,396,384,384,16,fastmri_brain,
,file_brain_AXT2_209_6001451.h5,16,0,AXT2,Biograph_mMR,2.8936,12,NYU LANGONE CBI,TurboSpinEcho,768,396,384,384,16,fastmri_brain,
,file_brain_AXT2_209_2090120.h5,16,0,AXT2,Biograph_mMR,2.8936,14,NYU,TurboSpinEcho,768,396,384,384,16,fastmri_brain,
,file_brain_AXT2_209_2090089.h5,16,0,AXT2,Biograph_mMR,2.8936,14,NYU,TurboSpinEcho,768,396,384,384,16,fastmri_brain,
,file_brain_AXT2_209_2090017.h5,16,0,AXT2,Biograph_mMR,2.8936,14,NYU,TurboSpinEcho,768,396,384,384,16,fastmri_brain,
,file_brain_AXT2_209_6001474.h5,16,0,AXT2,Biograph_mMR,2.8936,14,NYU LANGONE CBI,TurboSpinEcho,768,396,384,384,16,fastmri_brain,
,file_brain_AXT2_209_2090198.h5,16,0,AXT2,Biograph_mMR,2.8936,12,NYU,TurboSpinEcho,768,396,384,384,16,fastmri_brain,
,file_brain_AXT2_209_6001124.h5,16,0,AXT2,Biograph_mMR,2.8936,14,NYU LANGONE CBI,TurboSpinEcho,768,396,384,384,16,fastmri_brain,
,file_brain_AXT2_209_2090186.h5,16,0,AXT2,Biograph_mMR,2.8936,14,NYU,TurboSpinEcho,768,396,384,384,16,fastmri_brain,
,file_brain_AXT2_209_2090218.h5,16,0,AXT2,Biograph_mMR,2.8936,12,NYU,TurboSpinEcho,768,396,384,384,16,fastmri_brain,
,file_brain_AXT2_209_6001405.h5,16,0,AXT2,Biograph_mMR,2.8936,12,NYU LANGONE CBI,TurboSpinEcho,768,396,384,384,16,fastmri_brain,
,file_brain_AXT2_209_2090410.h5,16,0,AXT2,Biograph_mMR,2.8936,12,NYU,TurboSpinEcho,768,396,384,384,16,fastmri_brain,
,file_brain_AXT2_209_6000977.h5,16,0,AXT2,Biograph_mMR,2.8936,14,NYU LANGONE CBI,TurboSpinEcho,768,396,384,384,16,fastmri_brain,
,file_brain_AXT2_209_2090010.h5,16,0,AXT2,Biograph_mMR,2.8936,14,NYU,TurboSpinEcho,768,396,384,384,16,fastmri_brain,
,file_brain_AXT2_209_2090418.h5,16,0,AXT2,Biograph_mMR,2.8936,16,NYU,TurboSpinEcho,768,396,384,384,16,fastmri_brain,
,file_brain_AXT2_209_6001177.h5,16,0,AXT2,Biograph_mMR,2.8936,14,NYU LANGONE CBI,TurboSpinEcho,768,396,384,384,16,fastmri_brain,
,file_brain_AXT2_209_6001334.h5,16,0,AXT2,Biograph_mMR,2.8936,16,NYU LANGONE CBI,TurboSpinEcho,768,396,384,384,16,fastmri_brain,
,file_brain_AXT2_209_6001437.h5,16,0,AXT2,Biograph_mMR,2.8936,14,NYU LANGONE CBI,TurboSpinEcho,768,396,384,384,16,fastmri_brain,
,file_brain_AXT2_209_6001061.h5,16,0,AXT2,Biograph_mMR,2.8936,16,NYU LANGONE CBI,TurboSpinEcho,768,396,384,384,16,fastmri_brain,
,file_brain_AXT2_209_6001002.h5,16,0,AXT2,Biograph_mMR,2.8936,14,NYU LANGONE CBI,TurboSpinEcho,768,396,384,384,16,fastmri_brain,
,file_brain_AXT2_209_6001092.h5,16,0,AXT2,Biograph_mMR,2.8936,16,NYU LANGONE CBI,TurboSpinEcho,768,396,384,384,16,fastmri_brain,
,file_brain_AXT2_209_2090359.h5,16,0,AXT2,Biograph_mMR,2.8936,12,NYU,TurboSpinEcho,768,396,384,384,16,fastmri_brain,
,file_brain_AXT2_209_6001190.h5,16,0,AXT2,Biograph_mMR,2.8936,14,NYU LANGONE CBI,TurboSpinEcho,768,396,384,384,16,fastmri_brain,
,file_brain_AXT2_209_6001454.h5,16,0,AXT2,Biograph_mMR,2.8936,14,NYU LANGONE CBI,TurboSpinEcho,768,396,384,384,16,fastmri_brain,
,file_brain_AXT2_209_2090339.h5,16,0,AXT2,Biograph_mMR,2.8936,14,NYU,TurboSpinEcho,768,396,384,384,16,fastmri_brain,
,file_brain_AXT2_209_6001225.h5,16,0,AXT2,Biograph_mMR,2.8936,14,NYU LANGONE CBI,TurboSpinEcho,768,396,384,384,16,fastmri_brain,
,file_brain_AXT2_209_2090016.h5,14,0,AXT2,Biograph_mMR,2.8936,16,NYU,TurboSpinEcho,768,396,384,384,14,fastmri_brain,
,file_brain_AXT2_209_2090349.h5,16,0,AXT2,Biograph_mMR,2.8936,14,NYU,TurboSpinEcho,768,396,384,384,16,fastmri_brain,
,file_brain_AXT2_209_2090358.h5,16,0,AXT2,Biograph_mMR,2.8936,16,NYU,TurboSpinEcho,768,396,384,384,16,fastmri_brain,
,file_brain_AXT2_209_6001054.h5,16,0,AXT2,Biograph_mMR,2.8936,16,NYU LANGONE CBI,TurboSpinEcho,768,396,384,384,16,fastmri_brain,
,file_brain_AXT2_209_6000981.h5,16,0,AXT2,Biograph_mMR,2.8936,14,NYU LANGONE CBI,TurboSpinEcho,768,396,384,384,16,fastmri_brain,
,file_brain_AXT2_209_6001416.h5,16,0,AXT2,Biograph_mMR,2.8936,14,NYU LANGONE CBI,TurboSpinEcho,768,396,384,384,16,fastmri_brain,
,file_brain_AXT2_209_6001388.h5,16,0,AXT2,Biograph_mMR,2.8936,16,NYU LANGONE CBI,TurboSpinEcho,768,396,384,384,16,fastmri_brain,
,file_brain_AXT2_209_6001321.h5,14,0,AXT2,Biograph_mMR,2.8936,14,NYU LANGONE CBI,TurboSpinEcho,768,396,384,384,14,fastmri_brain,
,file_brain_AXT2_209_2090222.h5,16,0,AXT2,Biograph_mMR,2.8936,14,NYU,TurboSpinEcho,768,396,384,384,16,fastmri_brain,
,file_brain_AXT2_209_2090077.h5,16,0,AXT2,Biograph_mMR,2.8936,14,NYU,TurboSpinEcho,768,396,384,384,16,fastmri_brain,
,file_brain_AXT2_209_2090327.h5,16,0,AXT2,Biograph_mMR,2.8936,14,NYU,TurboSpinEcho,768,396,384,384,16,fastmri_brain,
,file_brain_AXT2_209_6001100.h5,16,0,AXT2,Biograph_mMR,2.8936,12,NYU LANGONE CBI,TurboSpinEcho,768,396,384,384,16,fastmri_brain,
,file_brain_AXT2_209_2090011.h5,16,0,AXT2,Biograph_mMR,2.8936,14,NYU,TurboSpinEcho,768,396,384,384,16,fastmri_brain,
,file_brain_AXT2_209_6001384.h5,16,0,AXT2,Biograph_mMR,2.8936,16,NYU LANGONE CBI,TurboSpinEcho,768,396,384,384,16,fastmri_brain,
,file_brain_AXT2_209_2090280.h5,16,0,AXT2,Biograph_mMR,2.8936,12,NYU,TurboSpinEcho,768,396,384,384,16,fastmri_brain,
,file_brain_AXFLAIR_200_6002553.h5,16,0,AXFLAIR,Skyra,2.8936,16,NYU LANGONE CBI,TurboSpinEcho,640,320,320,320,16,fastmri_brain,SIEMENS
,file_brain_AXFLAIR_200_6002629.h5,16,0,AXFLAIR,Skyra,2.8936,16,NYU LANGONE CBI,TurboSpinEcho,640,320,320,320,16,fastmri_brain,SIEMENS
,file_brain_AXFLAIR_201_6002992.h5,14,0,AXFLAIR,Skyra,2.8936,20,TH RADIOLOGY,TurboSpinEcho,640,320,320,320,14,fastmri_brain,SIEMENS
,file_brain_AXFLAIR_201_6002925.h5,16,0,AXFLAIR,Skyra,2.8936,20,TH RADIOLOGY,TurboSpinEcho,640,320,320,320,16,fastmri_brain,SIEMENS
,file_brain_AXFLAIR_200_6002566.h5,16,0,AXFLAIR,Skyra,2.8936,16,NYU LANGONE CBI,TurboSpinEcho,640,320,320,320,16,fastmri_brain,SIEMENS
,file_brain_AXFLAIR_201_6003018.h5,16,0,AXFLAIR,Skyra,2.8936,16,TH RADIOLOGY,TurboSpinEcho,640,320,320,320,16,fastmri_brain,SIEMENS
,file_brain_AXFLAIR_201_6002919.h5,16,0,AXFLAIR,Skyra,2.8936,20,TH RADIOLOGY,TurboSpinEcho,640,320,320,320,16,fastmri_brain,SIEMENS
,file_brain_AXFLAIR_201_6002867.h5,16,0,AXFLAIR,Skyra,2.8936,20,TH RADIOLOGY,TurboSpinEcho,640,320,320,320,16,fastmri_brain,SIEMENS
,file_brain_AXT1_202_2020146.h5,16,0,AXT1,Aera,1.494,16,TH,TurboSpinEcho,640,320,320,320,16,fastmri_brain,SIEMENS
,file_brain_AXT1_202_2020351.h5,16,0,AXT1,Aera,1.494,20,TH,TurboSpinEcho,640,320,320,320,16,fastmri_brain,SIEMENS
,file_brain_AXT1_202_2020447.h5,16,0,AXT1,Aera,1.494,12,TH,TurboSpinEcho,640,320,320,320,16,fastmri_brain,SIEMENS
,file_brain_AXT1_202_2020156.h5,16,0,AXT1,Aera,1.494,20,TH,TurboSpinEcho,640,320,320,320,16,fastmri_brain,SIEMENS
,file_brain_AXT1_202_2020167.h5,16,0,AXT1,Aera,1.494,16,TH,TurboSpinEcho,640,320,320,320,16,fastmri_brain,SIEMENS
,file_brain_AXT1_202_2020460.h5,16,0,AXT1,Aera,1.494,20,TH,TurboSpinEcho,640,320,320,320,16,fastmri_brain,SIEMENS
,file_brain_AXT1_202_2020502.h5,16,0,AXT1,Aera,1.494,20,TH,TurboSpinEcho,640,320,320,320,16,fastmri_brain,SIEMENS
,file_brain_AXT1_202_2020488.h5,14,0,AXT1,Aera,1.494,16,TH,TurboSpinEcho,640,320,320,320,14,fastmri_brain,SIEMENS
,file_brain_AXT1_202_2020153.h5,16,0,AXT1,Aera,1.494,20,TH,TurboSpinEcho,640,320,320,320,16,fastmri_brain,SIEMENS
,file_brain_AXT1POST_202_6000471.h5,14,0,AXT1POST,Aera,1.494,16,TH RADIOLOGY,TurboSpinEcho,640,320,320,320,14,fastmri_brain,SIEMENS
,file_brain_AXT1POST_205_2050021.h5,16,0,AXT1POST,Aera,1.494,20,NYU,TurboSpinEcho,640,320,320,320,16,fastmri_brain,SIEMENS
,file_brain_AXT1POST_202_6000274.h5,16,0,AXT1POST,Aera,1.494,20,TH RADIOLOGY,TurboSpinEcho,640,320,320,320,16,fastmri_brain,SIEMENS
,file_brain_AXT1POST_202_6000588.h5,16,0,AXT1POST,Aera,1.494,16,TH RADIOLOGY,TurboSpinEcho,640,320,320,320,16,fastmri_brain,SIEMENS
,file_brain_AXT1POST_202_6000334.h5,16,0,AXT1POST,Aera,1.494,20,TH RADIOLOGY,TurboSpinEcho,640,320,320,320,16,fastmri_brain,SIEMENS
,file_brain_AXT1POST_205_6000031.h5,16,0,AXT1POST,Aera,1.494,20,NYU LANGONE 32ND ST,TurboSpinEcho,640,320,320,320,16,fastmri_brain,SIEMENS
,file_brain_AXT1POST_205_2050066.h5,14,0,AXT1POST,Aera,1.494,16,NYU,TurboSpinEcho,640,320,320,320,14,fastmri_brain,SIEMENS
,file_brain_AXT1POST_205_2050156.h5,16,0,AXT1POST,Aera,1.494,16,NYU,TurboSpinEcho,640,320,320,320,16,fastmri_brain,SIEMENS
,file_brain_AXT1POST_205_2050026.h5,16,0,AXT1POST,Aera,1.494,16,NYU,TurboSpinEcho,640,320,320,320,16,fastmri_brain,SIEMENS
,file_brain_AXT1POST_207_2070114.h5,16,0,AXT1POST,Avanto,1.494,4,NYU,TurboSpinEcho,640,322,320,320,16,fastmri_brain,SIEMENS
,file_brain_AXT1POST_208_2080316.h5,16,0,AXT1POST,Avanto,1.494,4,NYU,TurboSpinEcho,640,322,320,320,16,fastmri_brain,SIEMENS
,file_brain_AXT1POST_207_2070661.h5,16,0,AXT1POST,Avanto,1.494,4,NYU,TurboSpinEcho,640,322,320,320,16,fastmri_brain,SIEMENS
,file_brain_AXT1POST_208_2080156.h5,16,0,AXT1POST,Avanto,1.494,4,NYU,TurboSpinEcho,640,322,320,320,16,fastmri_brain,SIEMENS
,file_brain_AXT1POST_207_2070428.h5,16,0,AXT1POST,Avanto,1.494,4,NYU,TurboSpinEcho,640,322,320,320,16,fastmri_brain,SIEMENS
,file_brain_AXT1POST_208_2080179.h5,16,0,AXT1POST,Avanto,1.494,4,NYU,TurboSpinEcho,640,322,320,320,16,fastmri_brain,SIEMENS
,file_brain_AXT1POST_207_2070651.h5,16,0,AXT1POST,Avanto,1.494,4,NYU,TurboSpinEcho,640,322,320,320,16,fastmri_brain,SIEMENS
,file_brain_AXT1POST_208_2080345.h5,16,0,AXT1POST,Avanto,1.494,4,NYU,TurboSpinEcho,640,322,320,320,16,fastmri_brain,SIEMENS
,file_brain_AXT1POST_201_6002668.h5,16,0,AXT1POST,Skyra,2.8936,20,TH RADIOLOGY,Flash,640,320,320,320,16,fastmri_brain,SIEMENS
,file_brain_AXT1POST_200_6002252.h5,16,0,AXT1POST,Skyra,2.8936,16,NYU LANGONE CBI,Flash,640,320,320,320,16,fastmri_brain,SIEMENS
,file_brain_AXT1POST_200_6001967.h5,16,0,AXT1POST,Skyra,2.8936,20,NYU LANGONE CBI,Flash,640,320,320,320,16,fastmri_brain,SIEMENS
,file_brain_AXT1POST_200_6002113.h5,16,0,AXT1POST,Skyra,2.8936,16,NYU LANGONE CBI,Flash,640,320,320,320,16,fastmri_brain,SIEMENS
,file_brain_AXT1POST_200_6001962.h5,16,0,AXT1POST,Skyra,2.8936,16,NYU LANGONE CBI,Flash,640,320,320,320,16,fastmri_brain,SIEMENS
,file_brain_AXT1POST_201_6002832.h5,16,0,AXT1POST,Skyra,2.8936,16,TH RADIOLOGY,Flash,640,320,320,320,16,fastmri_brain,SIEMENS
,file_brain_AXT1POST_200_6002402.h5,14,0,AXT1POST,Skyra,2.8936,16,NYU LANGONE CBI,Flash,640,320,320,320,14,fastmri_brain,SIEMENS
,file_brain_AXT1POST_201_6002765.h5,14,0,AXT1POST,Skyra,2.8936,16,TH RADIOLOGY,Flash,640,320,320,320,14,fastmri_brain,SIEMENS
